{"q0": "00027b9d-6d06-4956-bd19-729858fe0bc3", "q1": "кладовщик", "q2": "Да", "q2d": 26, "q3": {"заведующий складом": 82, "начальник ахо; начальник склада": 5}, "q4": ["документов"], "q5": ["ооо \"современные технологии и криогенные системы\"", "ооо\"эврика\"", "\"союзконтракт\""], "q6": [], "q7": [], "q8": ["-управление"], "q9": ["документов"], "q10": [0]}