{"q0": "00040694-2e12-4624-ab94-045a21f58990", "q1": "кладовщик", "q2": "Да", "q2d": 5, "q3": {}, "q4": ["выдачи товара по накладной.комплектация"], "q5": ["зао  мастернэт трейд спб", "зао мастернэт трейд спб"], "q6": [], "q7": [], "q8": ["выдачи товара по накладной.комплектация заказов"], "q9": ["контроль выдачи товара по накладной.комплектация заказов"], "q10": [207]}