{"q0": "000b58b4-810f-418e-8474-32ac4c768cc6", "q1": "кладовщик", "q2": "Не совсем", "q2d": 0, "q3": {"специалист по складскому документообороту": 16}, "q4": ["проверка"], "q5": ["медком-мп, ооо"], "q6": [], "q7": [], "q8": ["проверка первичной документации, учет, архивирование, переоформление, участие в инвентаризации"], "q9": ["проверка первичной документации, учет, архивирование, переоформление, участие в инвентаризации"], "q10": [72]}