{"q0": "000ce68d-e8ad-46b6-9ba3-18a72a7b5ddd", "q1": "кладовщик", "q2": "Не совсем", "q2d": 0, "q3": {"начальник отдела склад и логистика": 44, "складской работник": 10}, "q4": ["ведение"], "q5": ["ооо 1с:северо-запад", "coca-cola hbc eesti"], "q6": [], "q7": [], "q8": ["прием товара, сборка заказов, ведение инвентаризаций, заключение договоров с транспортными компаниями, ведение"], "q9": ["прием товара"], "q10": [111]}