{"q0": "0010e057-9fa7-4932-8781-da40145af7a3", "q1": "кладовщик", "q2": "Не совсем", "q2d": 0, "q3": {"старший кладовщик": 55, "заведующий складом": 5, "менеджер склада": 28}, "q4": ["работы"], "q5": ["ооо \"моделист\"", "нпп воло", "оптовые склады"], "q6": [], "q7": [], "q8": ["организация работы склада товаров народного потребленияорганизация работы склада медицинского оборудованияорганизация работы склада товаров народного потребления"], "q9": ["организация работы склада товаров народного потребления.организация работы склада медицинского оборудования.организация работы склада товаров народного потребления"], "q10": [75]}