{"q0": "00155cea-2ea5-41bf-984e-deddf00d954f", "q1": "кладовщик", "q2": "Не совсем", "q2d": 0, "q3": {"делопроизводитель, кладовщик": 54}, "q4": ["мтс"], "q5": ["войсковая часть 95148 г. заозерска мурманской обл."], "q6": [], "q7": [], "q8": ["ведение делопроизводства, складского учета отдела мтс"], "q9": ["ведение делопроизводства, складского учета отдела мтс,"], "q10": [237]}