{"q0": "0016e5e8-6e95-48b1-b216-3dc23aed6b91", "q1": "кладовщик", "q2": "Да", "q2d": 62, "q3": {}, "q4": ["прием и отгрузка  масел для автомобилей,инвентаризация склада,материальная ответственность."], "q5": ["ооо \"петрадин\""], "q6": [], "q7": [], "q8": ["прием и отгрузка  масел для автомобилей,инвентаризация склада,материальная ответственность"], "q9": ["прием и отгрузка  масел для автомобилей,инвентаризация склада,материальная ответственность"], "q10": [140]}