{"q0": "001f1d18-4f11-4ec1-84fc-441b70bae25f", "q1": "кладовщик", "q2": "Не совсем", "q2d": 0, "q3": {"помощник начальника производства, руководитель склада": 22}, "q4": ["обеспечение"], "q5": ["ооо альт"], "q6": [], "q7": [], "q8": ["обеспечение сохранности материальных ценностей с соблюдением правил хранения, прием и отпуск"], "q9": ["обеспечение"], "q10": [77]}