{"q0": "0021d955-19d2-4e40-b549-72def9b19648", "q1": "кладовщик", "q2": "Не совсем", "q2d": 0, "q3": {"начальник склада": 71, "продавец запчастей, кладовщик": 51}, "q4": ["объеме"], "q5": ["ооо евросиб авто", "ооо автоцентр балканский"], "q6": ["адресное"], "q7": [], "q8": ["ведение склада в полном объеме\n поступления и реализация запасных частей\n взаимодействие с отделами центра"], "q9": ["ведение склада в полном объеме"], "q10": [105]}