{"q0": "00216b98-bbd4-4c44-bb3c-7f5a98ad0904", "q1": "кладовщик", "q2": "Да", "q2d": 7, "q3": {"комплектовщик": 35, "кладовщик-комплектовщик": 16, "кладовщик-экспедитор": 19, "экспедитор. менеджер склада": 28}, "q4": ["проведение инвентаризаций"], "q5": ["зао пластмастер", "ооо новая аляска", "зао ; пластмастер", "ооо мг-логистик", "фортуна ооо", "ооо тд;агро-лайн"], "q6": [], "q7": [], "q8": ["сбор"], "q9": ["сбор тмц по накладной,прр,экспедирование грузов,контроль отгрузок тмц  по заявке"], "q10": [51]}