{"q0": "00262879-27dd-4c22-9257-03dff4aaf005", "q1": "кладовщик", "q2": "Не совсем", "q2d": 0, "q3": {"заведующая складом": 67}, "q4": ["одежды"], "q5": ["жилкомсервис"], "q6": [], "q7": [], "q8": ["персоналом"], "q9": ["отправка заказов, оформление приходных  документов, требований на внутреннее перемещение материалов, возврат, списание"], "q10": [0]}