{"q0": "00278ce9-89e1-480d-a9b1-4569b825f635", "q1": "кладовщик", "q2": "Не совсем", "q2d": 0, "q3": {"заместитель заведующего складом": 9}, "q4": ["товар"], "q5": ["ооо\"росгигиена \"спб", "ооо\"политехнология \""], "q6": [], "q7": [], "q8": ["разгрузки машин на авто-погрузчика"], "q9": ["загрузки разгрузки машин на авто-погрузчика"], "q10": [42]}