{"q0": "002e67b3-6674-4a3d-a032-83b6622b0680", "q1": "кладовщик", "q2": "Не совсем", "q2d": 0, "q3": {"менеджер  склада": 58}, "q4": ["приём товара, предпродажная подготовка, сбор и отправка перебросок."], "q5": ["мэлон фэшн груп"], "q6": [], "q7": [], "q8": ["приём товара, предпродажная подготовка, сбор и отправка перебросок"], "q9": ["приём товара, предпродажная подготовка, сбор и отправка перебросок"], "q10": [0]}