{"q0": "00302dd7-f4b1-4812-9918-1b5240cd714d", "q1": "кладовщик", "q2": "Не совсем", "q2d": 0, "q3": {"кладовщик-комплектовщик": 16}, "q4": ["пересчет"], "q5": ["ста «карго»"], "q6": [], "q7": [], "q8": ["отгружаемого и приходуемого груза на предмет соответствия количества и качества согласно заявки на отгрузку/приход;\n 2"], "q9": ["направлению"], "q10": [38]}