{"q0": "00364496-f676-4e8d-8ff2-458daaac19ee", "q1": "кладовщик", "q2": "Да", "q2d": 15, "q3": {}, "q4": ["принятием поставок и отправок в фирменном магазине"], "q5": ["ооо адидас"], "q6": [], "q7": [], "q8": ["работал с принятием поставок и отправок в фирменном магазине"], "q9": ["работал с принятием поставок и отправок в фирменном магазине"], "q10": [65]}