{"q0": "003902db-ce55-47bb-9d44-94c77dc31db8", "q1": "кладовщик", "q2": "Да", "q2d": 38, "q3": {"кладовщик-комплектовщик": 7, "комплектовщик": 38}, "q4": ["сбор"], "q5": ["евротюнинг", "юлмарт", "obi, санкт-петербург"], "q6": [], "q7": [], "q8": ["сбор"], "q9": ["сбор заказов по накладным, документация, приём и отгрузка товара со склада"], "q10": [46]}