{"q0": "003c4db5-a13b-441f-98f2-94fc6b00b9e0", "q1": "кладовщик", "q2": "Не совсем", "q2d": 0, "q3": {"помощник кладовщика": 5}, "q4": ["экспедирование, складская деятельность; учет тмц, погрузка-разгрузка."], "q5": ["ооо \"кей\""], "q6": [], "q7": [], "q8": ["экспедирование, складская деятельность; учет тмц, погрузка-разгрузка"], "q9": ["экспедирование, складская деятельность; учет тмц, погрузка-разгрузка"], "q10": [174]}