{"q0": "003e6165-3331-4d2a-a7f1-4336cb912d3c", "q1": "кладовщик", "q2": "Не совсем", "q2d": 0, "q3": {"комплектовщик": 64}, "q4": ["комплектование деталей в цех, работа с большим колличеством деталей."], "q5": ["нпо завод волна"], "q6": [], "q7": [], "q8": ["комплектование деталей в цех, работа с большим колличеством деталей"], "q9": ["комплектование деталей в цех, работа с большим колличеством деталей"], "q10": [0]}