{"q0": "003f95bc-bdf1-4436-975e-48405d93eef9", "q1": "кладовщик", "q2": "Не совсем", "q2d": 0, "q3": {"продавец, работник склада.": 83}, "q4": ["консультирование."], "q5": ["лавка комиксов апельсин"], "q6": [], "q7": [], "q8": ["заказов и отправка, продажа товара, общение с клиентами, консультирование"], "q9": ["составление заказов и отправка, продажа товара, общение с клиентами, консультирование"], "q10": [0]}