{"q0": "00455ea0-2b8e-46d5-84c0-21adc036de4d", "q1": "кладовщик", "q2": "Не совсем", "q2d": 0, "q3": {"директор по складской логистике": 4, "менеджер по контролю материалов, российский регион/руководитель отдела складского хозяйства по россии": 39, "заместитель директора департамента организации перевозок и логистического обеспечения/начальник управления складского хозяйства.": 11}, "q4": ["внедрение системы sap/r3 на ряде объектов"], "q5": ["ао \"беломортранс\"", "московский филиал халлибуртон инт. гмбх", "ооо «стройгазконсалтинг»"], "q6": [], "q7": ["sap"], "q8": ["руководство"], "q9": ["работы московского склада ооо «стройгазконсалтинг»\n •\tвнедрение системы sap/r3 на ряде объектов"], "q10": [40]}