{"q0": "0045329b-2528-4830-abc5-4343495ca8e8", "q1": "кладовщик", "q2": "Да", "q2d": 109, "q3": {"заведующий складом": 37}, "q4": ["человек"], "q5": ["ооо \"невский синдикат\"", "ооо \"нойвелл\"", "ооо \"фруктовая страна\""], "q6": [], "q7": [], "q8": ["отгрузка товара, обеспечение сохранности, инвентаризации, соблюдение условий хранения управление персоналом до 50 человек"], "q9": ["приемка и отгрузка товара, обеспечение сохранности, инвентаризации, соблюдение условий хранения"], "q10": [0]}