{"q0": "0050512c-6261-4e84-9faf-9d85047d93e5", "q1": "кладовщик", "q2": "Не совсем", "q2d": 0, "q3": {"заведующий складом": 49, "руководитель складского комплекса": 1}, "q4": ["работой"], "q5": ["ооо \"ск \"ус-620\"", "ооо \"северный город\""], "q6": [], "q7": [], "q8": ["руководство работой склада по приему, хранению, размещению и отпуску тмц;\n оптимизация операционных расходов"], "q9": ["руководство работой склада по приему, хранению, размещению и отпуску тмц;\n оптимизация операционных расходов"], "q10": [0]}