{"q0": "0053a1a8-b9a6-43e1-8982-283575f22a94", "q1": "кладовщик", "q2": "Не совсем", "q2d": 0, "q3": {"грузчик-комплектовщик.водитель автопогрузчика": 49}, "q4": ["работы ,комплектация заказов."], "q5": ["анкор, кадровый холдинг", "зао филлип моррис", "ооо нокиан тайерс", "ооо электронный центр", "зао полюстрово"], "q6": [], "q7": [], "q8": ["перемещение поддонов.сбор заказов.погрузо-разгрузочные работы ,работа на прессах"], "q9": ["перемещение поддонов.сбор заказов.погрузо-разгрузочные работы ,работа на прессах"], "q10": [182]}