{"q0": "0055fd7d-f935-4739-a6c0-b1531e961633", "q1": "кладовщик", "q2": "Не совсем", "q2d": 0, "q3": {"кладовщик-комплектовщик": 36, "старший кладовщик": 12}, "q4": ["проверка укомплектованности заказов и их отправка"], "q5": ["мегаполис санкт-петербург, ооо", "ооо северные стрелы"], "q6": [], "q7": [], "q8": ["проверка укомплектованности заказов и их отправка"], "q9": ["проверка укомплектованности заказов и их отправка"], "q10": [50]}