{"q0": "0057c528-4107-4218-8091-bf29082d4f65", "q1": "кладовщик", "q2": "Да", "q2d": 53, "q3": {"заведующий складом": 26, "продавец-консультант, менеджер отдела, кладовщик, менеджер по учету": 32}, "q4": ["обучение персонала"], "q5": ["металл профиль, группа компаний", "группа м", "металл профиль, группа компаний", "гаро систем, ооо", "домо, торговая компания"], "q6": [], "q7": [], "q8": ["отгрузка/приёмка товара"], "q9": ["отгрузка/приёмка товара, работа с транспортными компаниями, участие в инвентаризации"], "q10": [0]}