{"q0": "005a10df-746e-4e8d-b0fb-e9c0c0fd60eb", "q1": "кладовщик", "q2": "Не совсем", "q2d": 0, "q3": {"кладовщик-приёмщик": 43}, "q4": ["распределение"], "q5": ["ооо компания хк мвд и марвел"], "q6": [], "q7": [], "q8": ["работа за компьютером руководство над грузчиками(4-6 человек)распределение"], "q9": ["работа за компьютером руководство над грузчиками(4-6 человек)распределение задач"], "q10": [54]}