{"q0": "005ba82b-ddab-417c-86a5-072b2ac870cd", "q1": "кладовщик", "q2": "Не совсем", "q2d": 0, "q3": {"кладовщик-отборщик": 6, "кладовщик-комплектовщик": 3}, "q4": ["отборка"], "q5": ["магнит, розничная сеть", "coffeeshop сompany"], "q6": [], "q7": [], "q8": ["отборка товара в тары,работа с тсдприём товара"], "q9": ["отборка товара в тары,работа с тсдприём товара"], "q10": [38]}