{"q0": "005cbad8-52a1-403c-b2e9-e3a529ce07a0", "q1": "кладовщик", "q2": "Не совсем", "q2d": 0, "q3": {"старший менеджер склада": 43}, "q4": ["приемка товара,размещение товара на складе согласно зонированию и ротации.контроль работы персонала.документальная отчетность.возврат товара."], "q5": ["пао детский мир"], "q6": [], "q7": [], "q8": ["приемка товара,размещение товара на складе согласно зонированию и ротации.контроль работы персонала.документальная отчетность.возврат товара"], "q9": ["приемка товара,размещение товара на складе согласно зонированию и ротацииконтроль работы персоналадокументальная отчетностьвозврат товара"], "q10": [0]}