{"q0": "005f3938-9a24-4c65-8885-eca8261a2f5b", "q1": "кладовщик", "q2": "Не совсем", "q2d": 0, "q3": {"менеджер по продажам, заведующий складом, руководитель проекта. исполнительный директор": 111}, "q4": ["e-mail"], "q5": ["ооо \"монархинвест\""], "q6": ["ассортимента"], "q7": [], "q8": ["презентация продуктов; e-mail"], "q9": ["погрузка и прием товаров"], "q10": [74]}