{"q0": "0066cbd8-b1e1-4849-9d98-4abc35edfe16", "q1": "кладовщик", "q2": "Не совсем", "q2d": 0, "q3": {"руководитель группы складского учета": 14}, "q4": ["учета"], "q5": ["филиал ооо «пепсико холдингс» в г. санкт-петербург"], "q6": [], "q7": [], "q8": ["организация и контроль работы группы складского учета"], "q9": ["организация и контроль работы группы складского учета (штат до 18 сотрудников)"], "q10": [164]}