{"q0": "00745dcc-9f0b-4e8e-bade-ee155cd5af17", "q1": "кладовщик", "q2": "Не совсем", "q2d": 0, "q3": {"оператор пк на склад": 5}, "q4": ["архивация документов"], "q5": ["сзрп биржа"], "q6": [], "q7": [], "q8": ["оформление в 1с с первичной документации (приход и реализация), архивация"], "q9": ["оформление в 1с с первичной документации (приход и реализация), архивация документов"], "q10": [106]}