{"q0": "0076a7dc-12e1-400b-8cf3-5d928af4dd8d", "q1": "кладовщик", "q2": "Не совсем", "q2d": 0, "q3": {"заведующий центральным материальным складом": 306}, "q4": ["работой"], "q5": ["понинковская картонно-бумажная фабрика"], "q6": [], "q7": [], "q8": ["руководство работой склада по приему, хранению и отпуску товаров"], "q9": ["руководство работой склада по приему, хранению и отпуску товаров"], "q10": [173]}