{"q0": "007879f4-a7ee-4d2e-b407-e886ce19fc38", "q1": "кладовщик", "q2": "Да", "q2d": 7, "q3": {"заведующий складом": 33}, "q4": ["др.приём-выдача"], "q5": ["скат-запчасть", "скат-запчасть"], "q6": [], "q7": [], "q8": ["документации"], "q9": ["составление документации передвижения тмц, заказ тмц, проведение инвентаризации, дефектовка тмц"], "q10": [0]}