{"q0": "007a8d57-1cef-4c88-94bb-7707bfa20795", "q1": "кладовщик", "q2": "Не совсем", "q2d": 0, "q3": {"комплектовщик": 1}, "q4": ["умение работать в коллективе сообразительность"], "q5": ["сакура"], "q6": [], "q7": [], "q8": ["умение работать в коллективе сообразительность"], "q9": ["умение работать в коллективе сообразительность"], "q10": [37]}