{"q0": "007dcdae-30c1-4cbe-97f2-20c9ab91a8ed", "q1": "кладовщик", "q2": "Не совсем", "q2d": 0, "q3": {"кладовщик столовой.": 27}, "q4": ["нуля"], "q5": ["цех питания (зао базэлцемент-пикалево)", "цех питания (зао базэлцемент-пикалево)"], "q6": [], "q7": [], "q8": ["работы кафе- ресторана с нуля"], "q9": ["организация работы кафе- ресторана с нуля"], "q10": [139]}