{"q0": "007ea708-dc7a-4b7c-b3d6-da8a9e0ae38d", "q1": "кладовщик", "q2": "Не совсем", "q2d": 0, "q3": {"заведующий складом": 8, "комплектовщик работник склада": 23}, "q4": ["инвентаризации."], "q5": ["ооо новэкс", "интеркарго"], "q6": [], "q7": [], "q8": ["выгрузка"], "q9": ["выгрузка и размещение товарно-материальных ценностей на складе магазина, составление актов рекламации"], "q10": [77]}