{"q0": "007e0301-0c4d-4c0c-8708-ed338e77fab4", "q1": "кладовщик", "q2": "Не совсем", "q2d": 0, "q3": {"водитель-кладовщик": 87}, "q4": ["города"], "q5": ["авточехлы \"петров\""], "q6": [], "q7": [], "q8": ["сбор авточехлов на складе,развозка по автомагазинам города"], "q9": ["сбор авточехлов на складе,развозка по автомагазинам города"], "q10": [86]}