{"q0": "00850512-88d4-419c-a6ff-ecbf32ce8175", "q1": "кладовщик", "q2": "Да", "q2d": 4, "q3": {"комплектовщик": 9}, "q4": ["складе"], "q5": ["партком, ооо", "мегаполис", "сеть магазинов водопад"], "q6": ["ячейкам"], "q7": [], "q8": ["сборка"], "q9": ["сборка, размещение, приемка через тсдкомплектование маршрутов по накладнымразмещение товара по ячейкам на складе"], "q10": [26]}