{"q0": "0087b820-64c1-49fd-9275-3b9c6a2a4a24", "q1": "кладовщик", "q2": "Не совсем", "q2d": 0, "q3": {"оператор оборудования, менеджер склада": 12}, "q4": ["прием сырья, инвентаризация."], "q5": ["ooo промиксте"], "q6": [], "q7": [], "q8": ["комплектация заказа, прием сырья, инвентаризация"], "q9": ["комплектация заказа, прием сырья, инвентаризация"], "q10": [30]}