{"q0": "008a96eb-2797-476b-93a9-9efedde4716a", "q1": "кладовщик", "q2": "Не совсем", "q2d": 0, "q3": {"комплектовщик изделий и инструмента": 113}, "q4": ["ms office"], "q5": ["петербургский метрополитен, государственное унитарное предприятие"], "q6": [], "q7": ["sap", "ms office"], "q8": ["ведение отчетной документации , годовые заявки, инвентаризации , и прочая документация"], "q9": ["работа в системе sap erp , , знание пк, ms office"], "q10": [0]}