{"q0": "008f5c72-0058-49dd-945f-31dadbf89169", "q1": "кладовщик", "q2": "Не совсем", "q2d": 0, "q3": {"комплектовщик-наборщик заказов": 2}, "q4": ["комплектация, загрузка и доставка заказов."], "q5": ["ярмарка чудес"], "q6": [], "q7": [], "q8": ["комплектация, загрузка и доставка заказов"], "q9": ["комплектация, загрузка и доставка заказов"], "q10": [45]}