{"q0": "00963fab-e522-4bbb-9431-292ddfe10ed2", "q1": "кладовщик", "q2": "Не совсем", "q2d": 0, "q3": {"заведующий складом": 92}, "q4": ["обязанности    -контроль за отпуском товара и прием"], "q5": ["компания ип «ульянов»"], "q6": [], "q7": [], "q8": ["обязанности    -контроль за отпуском товара и прием товара"], "q9": ["товаросборщиками"], "q10": [83]}