{"q0": "009e1890-98c2-4b30-8e1b-497c48de2dbb", "q1": "кладовщик", "q2": "Не совсем", "q2d": 0, "q3": {"начальник складского комплекса + менеджер по снабжению": 11}, "q4": ["водителя"], "q5": ["ооо форвард"], "q6": [], "q7": [], "q8": ["прием-отгрузка мебели, учет 1с, заказ стекла, пластика, 8 грузчиков, 3 водителя"], "q9": ["прием-отгрузка мебели, учет 1с, заказ стекла, пластика, 8 грузчиков, 3 водителя"], "q10": [111]}