{"q0": "00a5b19b-f12b-4954-a958-e0d06373a0b4", "q1": "кладовщик", "q2": "Не совсем", "q2d": 0, "q3": {"старший специалист группы складского хранения а/м": 31}, "q4": ["средств"], "q5": ["ооо \"стк астра\" группа компаний стк"], "q6": [], "q7": [], "q8": ["организация работы отдела складского хранения новых а/м"], "q9": ["организация работы отдела складского хранения новых а/м"], "q10": [84]}