{"q0": "00a623c8-1d33-4eba-ae79-715fe225e0ef", "q1": "кладовщик", "q2": "Не совсем", "q2d": 0, "q3": {"менеджер по координации работы складов": 13, "оператор пк на фарм. складе": 15}, "q4": ["рекламациями."], "q5": ["сп зао ивс", "зао \"генезис\""], "q6": [], "q7": [], "q8": ["подготовка отгрузочных документов работа с  рекламациями"], "q9": ["ввод номенклатуры, коордирирование и контроль работы складов, транспортного отдела, движение товара в программе"], "q10": [95]}