{"q0": "00b38a76-1ce6-4408-a601-14215fd194f3", "q1": "кладовщик", "q2": "Не совсем", "q2d": 0, "q3": {"менеджер по работе склада": 7}, "q4": ["логистики"], "q5": ["ооо \"dimex санкт-петербург\""], "q6": [], "q7": [], "q8": ["координация работы курьеров"], "q9": ["работы курьеров, контроль встреч - отправка грузов в другие подразделения компании, взаимодейтсвие с транспортными"], "q10": [112]}