{"q0": "00b5e41f-464d-4d65-b774-4bbb63f0e413", "q1": "кладовщик", "q2": "Не совсем", "q2d": 0, "q3": {"начальник участка складской логистики и грузоперевозок": 46}, "q4": ["общества"], "q5": ["ооо \"рн-ванкор\""], "q6": [], "q7": [], "q8": ["приема и хранения мтр на складских базах и отгрузки на склады и объекты на месторождениях общества"], "q9": ["приема и хранения мтр на складских базах и отгрузки на склады и объекты на месторождениях общества"], "q10": [45]}