{"q0": "00bd5639-2136-4c71-93c6-8ba8ff25f30d", "q1": "кладовщик", "q2": "Да", "q2d": 20, "q3": {"кладовщик таможенного склада": 21}, "q4": ["проведение погрузочно-разгрузочных"], "q5": ["ооо \"европрофиль\"", "зао \"технологические системы и сервис\"", "зао \"генезис\""], "q6": [], "q7": ["курс"], "q8": ["проведение погрузочно-разгрузочных работ"], "q9": ["проведение погрузочно-разгрузочных работ"], "q10": [0]}