{"q0": "00bdb524-63ef-4d5f-9f3a-86968ac3efea", "q1": "кладовщик", "q2": "Не совсем", "q2d": 0, "q3": {"специалист по складской логистике": 3}, "q4": ["вопросу"], "q5": ["ооо \"иннокор\"", "астория, гостиничный комплекс", "евразия, сеть ресторанов и суши-баров"], "q6": ["партии"], "q7": [], "q8": ["отгрузка"], "q9": ["отгрузка товаров клиентам компании;\n - работа в 1с, оформление отгрузочных документов"], "q10": [38]}