{"q0": "00c42b57-988b-4978-a4db-7b4ec6025ed8", "q1": "кладовщик", "q2": "Не совсем", "q2d": 0, "q3": {"начальник склада": 12}, "q4": ["бытовая"], "q5": ["техношок, сеть магазинов."], "q6": ["ассортимент"], "q7": [], "q8": ["обеспечивал сохранность и качественное хранение товара на складе магазина и на витринах"], "q9": ["обеспечивал"], "q10": [201]}