{"q0": "00c99d9b-8d03-4231-8805-d225cd337a2c", "q1": "кладовщик", "q2": "Не совсем", "q2d": 0, "q3": {"координатор по транспортной и складской логистике": 15, "начальник склада": 33, "начальник центрального склада": 18}, "q4": ["nokian tyres"], "q5": ["дверная биржа цитадель", "ооо \"атл групп\", группа компаний", "зао \"юнион трейд\" оптовая торговля средствами связи", "ооо \"астра-м\" сеть магазинов \"м-связь\"", "компьютерный мир", "сеть магазинов одежды \"кожанный мир\", чп белоусов"], "q6": [], "q7": [], "q8": ["nokian tyres"], "q9": ["nokian tyres"], "q10": [84]}