{"q0": "00c94ec5-8485-49a9-be49-4170ed70d595", "q1": "кладовщик", "q2": "Не совсем", "q2d": 0, "q3": {"грузчик-комплектовщик": 49}, "q4": ["т.д"], "q5": ["индивидуальное предпринимательство / частная практика / фриланс"], "q6": [], "q7": [], "q8": ["разгрузка-погрузка товаров/мебели/сантехники и т.д"], "q9": ["разгрузка-погрузка товаров/мебели/сантехники и т.д."], "q10": [0]}