{"q0": "00cab875-69a7-4c91-8a79-c55f6845a78d", "q1": "кладовщик", "q2": "Не совсем", "q2d": 0, "q3": {"кладовщик технолог": 25, "кладовщик, менеджер отдела снабжения,": 15}, "q4": ["проведение"], "q5": ["ооо \"софит\"", "оао \"коломяжское\""], "q6": [], "q7": [], "q8": ["работа на складе автозапчастей у официального дилера citroen"], "q9": ["работа на складе автозапчастей у официального дилера citroen, уаз, нива-chevrolet"], "q10": [56]}