{"q0": "00ca574f-2629-4d0e-a88d-4826a8141d81", "q1": "кладовщик", "q2": "Не совсем", "q2d": 0, "q3": {"начальник склада": 101, "старший кладовщик": 147}, "q4": ["оформление"], "q5": ["ооо\"ситроник\"", "ооо\"дефа\""], "q6": [], "q7": [], "q8": ["организация работы склада, 1с/7-8,2\n оформление первичной документацииорганизация работы склада, 1с/7-8,2\n оформление"], "q9": ["организация работы склада, 1с/7-8,2\n оформление первичной документацииорганизация работы склада, 1с/7-8,2\n оформление первичной документации"], "q10": [0]}