{"q0": "00ce8d29-3aa4-43ab-b0fc-e94ae6f724c5", "q1": "кладовщик", "q2": "Не совсем", "q2d": 0, "q3": {"начальник склада - старший эксперт": 6}, "q4": ["предприятии"], "q5": ["ооо \"титран-форекс\" – деревообрабатывающее производство. экспорт лесопродукции."], "q6": [], "q7": [], "q8": ["складского учета"], "q9": ["организация складского учета, решение всех вопросов"], "q10": [211]}