{"q0": "00d10f86-6883-443e-a13a-02de290cae75", "q1": "кладовщик", "q2": "Не совсем", "q2d": 0, "q3": {"старший кладовщик": 10}, "q4": ["большой ассортимент товара,объём работы.работа в 1с торговля-склад.сборка,принятие и отгрузка товара"], "q5": ["лентрансгаз торг"], "q6": ["ассортимент"], "q7": [], "q8": ["большой ассортимент товара,объём работы.работа в 1с торговля-склад.сборка,принятие и отгрузка товара"], "q9": ["большой ассортимент товара,объём работы.работа в 1с торговля-склад.сборка,принятие и отгрузка товара"], "q10": [118]}