{"q0": "00d35f62-62f2-40aa-b7de-557970723c59", "q1": "кладовщик", "q2": "Да", "q2d": 15, "q3": {"начальник смены склада": 18}, "q4": ["организация должного рабочего процесса рабочей смены."], "q5": ["ооо \"парт.ком\"", "ооо \"самсон спб\""], "q6": ["адресной"], "q7": [], "q8": ["организация должного"], "q9": ["организация должного рабочего процесса рабочей смены"], "q10": [72]}