{"q0": "00d57fa3-a654-4fc2-adf0-6e1df73e47a4", "q1": "кладовщик", "q2": "Не совсем", "q2d": 0, "q3": {"разнорабочий склада": 8}, "q4": ["товара"], "q5": ["комбинат общественного питания спбгпу"], "q6": [], "q7": [], "q8": ["-погрузка, выгрузка товара"], "q9": ["выгрузка товара\n -выполнение подсобных и вспомогательных работ на производственных участках и складах\n -загрузка вендинговых аппаратов"], "q10": [74]}