{"q0": "00d50ff4-dd75-401f-988b-6735e6c9cc9d", "q1": "кладовщик", "q2": "Да", "q2d": 29, "q3": {"кладовщик рц": 25}, "q4": ["работа в распределительном центре"], "q5": ["concept club, сеть магазинов молодежной одежды", "ооо август"], "q6": [], "q7": [], "q8": ["работа в распределительном центре"], "q9": ["работа в распределительном центре"], "q10": [53]}