{"q0": "00d6e9af-6bd7-4c38-9a3f-dc540de6f952", "q1": "кладовщик", "q2": "Не совсем", "q2d": 0, "q3": {"кладовщик-грузчик": 20}, "q4": ["магазина"], "q5": ["ооо майкл и ко"], "q6": [], "q7": [], "q8": ["разгрузка и прием товара по накладными, размещение товара на складе магазина"], "q9": ["разгрузка и прием товара по накладными, размещение товара на складе магазина"], "q10": [75]}