{"q0": "00d72e63-b41f-442e-8a71-08f24be8fa03", "q1": "кладовщик", "q2": "Не совсем", "q2d": 0, "q3": {"кладовщик,старший кладовшик,начальник грузовой зоны": 94}, "q4": ["руководство персоналом"], "q5": ["ооо \"лента\""], "q6": [], "q7": [], "q8": ["приемка товара,оформление документов,руководство персоналом"], "q9": ["приемка товара,оформление документов,руководство персоналом"], "q10": [82]}