{"q0": "00d75e7c-6a7d-473e-a86c-18a736cce01a", "q1": "кладовщик", "q2": "Да", "q2d": 13, "q3": {"кладовщик-комплектовщик": 12}, "q4": ["хостесс"], "q5": ["оао техприбор", "группа м", "васаби-ко"], "q6": [], "q7": [], "q8": ["приемка на склад тмц"], "q9": ["приемка на склад тмц, частичное отслеживание качества деталей, расположение на складе"], "q10": [99]}