{"q0": "00df26ed-a3c2-4692-95cc-a5157a49c364", "q1": "кладовщик", "q2": "Да", "q2d": 31, "q3": {}, "q4": ["outlook"], "q5": ["автосалон \"диалог-авто\"", "кристиа — сеть магазинов женской одежды"], "q6": [], "q7": ["1c", "outlook"], "q8": ["приемка/отгрузка товара инвентаризации осуществление реализации /возврата товараприемка, отгрузка и учет товара работа в программе 1c"], "q9": ["учёт тмц приемка/отгрузка товара инвентаризации осуществление реализации /возврата товараприемка, отгрузка и учет товара"], "q10": [28]}