{"q0": "00e0fb6d-886a-4050-a8ab-9981b17757e6", "q1": "кладовщик", "q2": "Не совсем", "q2d": 0, "q3": {"специалист отдела учета складских операций": 66}, "q4": ["операций"], "q5": ["ооо \"ароса\""], "q6": [], "q7": [], "q8": ["правильности проведения складских операций"], "q9": ["взаимодействие с отделом продаж, закупок и бухгалтерией замещение руководителя в период отпуска и больничного"], "q10": [0]}