{"q0": "00e23ff0-b2b4-4eab-9b6c-c7da09a7eeaf", "q1": "кладовщик", "q2": "Да", "q2d": 55, "q3": {}, "q4": ["проведение инвентаризации."], "q5": ["зао вертекс"], "q6": ["узкопроходного"], "q7": [], "q8": ["проведение инвентаризации"], "q9": ["работа с документами, сборка, отгрузка заказов. размещение, хранение продукции на складе"], "q10": [67]}