{"q0": "00e5ae55-82d8-487a-86f4-79caddd1e592", "q1": "кладовщик", "q2": "Не совсем", "q2d": 0, "q3": {"начальник склада": 18, "заведующий складом": 8}, "q4": ["обеспечение"], "q5": ["ооо \"галеон\"", "ооо \"аконто\"", "ооо \"инфо +\""], "q6": [], "q7": [], "q8": ["обеспечение сохранности складируемых товарно-материальных ценностей"], "q9": ["обеспечение"], "q10": [139]}