{"q0": "00ef5ecd-fa3f-4d6b-9b56-e005d04495d5", "q1": "кладовщик", "q2": "Не совсем", "q2d": 0, "q3": {"старший кладовщик": 72}, "q4": ["e-mail"], "q5": ["ооо\"гудвил\"", "ооо зеленая страна", "ооо арго  продукты питания сыры", "ооо кронвет медицина, фармацевтика"], "q6": ["адресного"], "q7": ["ms office"], "q8": ["пакет ms office, e-mail, internetприемка"], "q9": ["пакет ms office, e-mail"], "q10": [71]}