{"q0": "00f582d4-f56e-4987-81de-51b3928525b3", "q1": "кладовщик", "q2": "Не совсем", "q2d": 0, "q3": {"комплектовщик": 4}, "q4": ["отбора"], "q5": ["ооо \"конепт стор\""], "q6": [], "q7": [], "q8": ["комплектация заказов,погрузочно-разгрузочные работы.распределения товара по складу-места отбора"], "q9": ["комплектация заказов,погрузочно-разгрузочные работы.распределения товара по складу-места отбора"], "q10": [75]}