{"q0": "00f78010-ddf6-4c31-b847-fe285493adc3", "q1": "кладовщик", "q2": "Не совсем", "q2d": 0, "q3": {"комплектовщик": 8}, "q4": ["маршрутам."], "q5": ["роста, зао"], "q6": [], "q7": [], "q8": ["проверка правильности комплектовки заказов\n - стикеровка коробок, распределение по маршрутам"], "q9": ["упаковка собранных комплектовщиками заказов"], "q10": [155]}