{"q0": "00f85ba6-73e3-4834-8f66-99db517ea417", "q1": "кладовщик", "q2": "Не совсем", "q2d": 0, "q3": {"комплектовщик": 51}, "q4": ["работы"], "q5": ["ооо \"гринтрейд"], "q6": ["адресной"], "q7": [], "q8": ["сборка заказов с адресной системой хранения , перемещения товара по складу, разрузо-погрузочные работы"], "q9": ["сборка заказов с адресной системой хранения , перемещения товара по складу, разрузо-погрузочные работы"], "q10": [29]}