{"q0": "00fcac29-8b53-4a9f-b9f1-4b5df3453fce", "q1": "кладовщик", "q2": "Не совсем", "q2d": 0, "q3": {"супервайзер(старший кладовщик  смены зоны хранения на складе)": 45}, "q4": ["excel"], "q5": ["ооо\"спортмастер\""], "q6": [], "q7": ["sap", "word", "lm"], "q8": ["работа в программе ( lm , sap , 1с. word, excel"], "q9": ["работа в программе ( lm , sap , 1с. word, excel"], "q10": [89]}