{"q0": "00fe3660-e759-440f-952c-c4d72cd42b79", "q1": "кладовщик", "q2": "Да", "q2d": 29, "q3": {"сборщик- комплектовщик рекламной продукции": 49}, "q4": ["документации"], "q5": ["ооо\"уют\"", "завод \"светлана\""], "q6": [], "q7": [], "q8": ["изготовление и обработка изделий рекламной продукции"], "q9": ["деталей с центрального склада и выдача на сборочные участки\n ведение документации"], "q10": [64]}