{"q0": "0100b03a-21e1-4d89-9ea7-86e29b377548", "q1": "кладовщик", "q2": "Да", "q2d": 7, "q3": {}, "q4": ["работу"], "q5": ["компания\"алкор био\"", "ооо\"тахион\""], "q6": [], "q7": [], "q8": ["прием реагентов на склад.выдача подразделениям.учет в1с8 ,excel.учет и хранение электронных компонентов"], "q9": ["прием реагентов на склад.выдача подразделениям.учет в1с8 ,excel.учет и хранение электронных компонентов"], "q10": [43]}