{"q0": "01004b83-e44d-4e00-b68f-b4630b5a683f", "q1": "кладовщик", "q2": "Не совсем", "q2d": 0, "q3": {"кладовщик отгрузки": 5, "работник склада": 10, "грузчик-комплектовщик": 6}, "q4": ["отгрузки фрукты-овощи по накладнымсборка заказов по накладным, погрузка-выгрузкакомплектация по накладным на палеты, загрузка-выгрузка"], "q5": ["nevskaya co", "ооо ассоциация развитие", "зао маркетлайн"], "q6": [], "q7": [], "q8": ["отгрузки фрукты-овощи по накладнымсборка заказов по накладным, погрузка-выгрузкакомплектация по накладным на палеты, загрузка-выгрузка"], "q9": ["отгрузки фрукты-овощи по накладнымсборка заказов по накладным, погрузка-выгрузкакомплектация по накладным на палеты, загрузка-выгрузка"], "q10": [56]}