{"q0": "010d6603-08b7-4113-ba0c-6b9b640f01f2", "q1": "кладовщик", "q2": "Не совсем", "q2d": 0, "q3": {"заведующий складом": 24}, "q4": ["регион"], "q5": ["ооо \"сгомонь-питер\" сгомонь, сеть магазинов розничная продажа колбасных изделий, г. санкт-петербург."], "q6": [], "q7": [], "q8": ["организация"], "q9": ["организация, планирование, координация и контроль работы подразделений логистической службы филиала санкт- петербург"], "q10": [99]}