{"q0": "010dba79-ad63-40a2-a549-08211fb8046c", "q1": "кладовщик", "q2": "Не совсем", "q2d": 0, "q3": {"сборщик-комплектовщик": 8}, "q4": ["товара."], "q5": ["concept club, сеть магазинов молодежной одежды.", "ооо бсс"], "q6": [], "q7": [], "q8": ["товара.сборка комплектация товара"], "q9": ["сборка комплектация товара.сборка комплектация товара"], "q10": [39]}