{"q0": "011c0444-cfbd-4eee-b8bb-b0f419adacbc", "q1": "кладовщик", "q2": "Не совсем", "q2d": 0, "q3": {"мастер - кладовщик": 143}, "q4": ["бесперебойной"], "q5": ["зао пк оша"], "q6": [], "q7": [], "q8": ["организация бесперебойной работы цеха убоя,управление  персоналом,начисление зарплаты"], "q9": ["организация бесперебойной работы цеха убоя,управление  персоналом,начисление зарплаты"], "q10": [87]}