{"q0": "011fb8a1-5d3e-432b-b674-a4849066426d", "q1": "кладовщик", "q2": "Да", "q2d": 8, "q3": {"менеджер по складской логистике": 6, "начальник склада": 5}, "q4": ["инвентаризацияконтроль за сборкой заказов, приём фур с товаром, инвентаризация, работа в 1с"], "q5": ["ооо \"автобакс-моторс\"", "ооо \"карекс-центр\"", "ооо \"росорех\""], "q6": ["ассортименту"], "q7": [], "q8": ["работа"], "q9": ["работа"], "q10": [55]}