{"q0": "01237e04-d8d5-4d65-a4c8-dee319b03ec7", "q1": "кладовщик", "q2": "Не совсем", "q2d": 0, "q3": {"приемо-сдатчица на складе готовой продукции": 17}, "q4": ["учет"], "q5": ["зао \"санкт-петербургский з-д \"арарат\""], "q6": [], "q7": [], "q8": ["учет, приёмка и отгрузка готовой продукции"], "q9": ["учет, приёмка и отгрузка готовой продукции"], "q10": [228]}