{"q0": "0140f7b1-a190-4bcb-a8b3-86991c6c8aac", "q1": "кладовщик", "q2": "Не совсем", "q2d": 0, "q3": {"бухгалтер складского учета": 30}, "q4": ["проверка"], "q5": ["войсковая часть 67678"], "q6": [], "q7": [], "q8": ["первичных учетных документов, сверка остатков на складе по учетным карточкам, отчетность в вышестоящие организации"], "q9": ["первичных учетных документов, сверка остатков на складе по учетным карточкам, отчетность в вышестоящие организации"], "q10": [207]}