{"q0": "01432d30-27bb-4e31-a2f1-74cce9be23e4", "q1": "кладовщик", "q2": "Не совсем", "q2d": 0, "q3": {"оператор склада,бухгалтер по реализации": 35}, "q4": ["т.д."], "q5": ["ооо \"гудвин спб\""], "q6": [], "q7": [], "q8": ["распечатка  полного пакета документов для отгрузки из \n 1с"], "q9": ["распечатка  полного пакета документов для отгрузки из \n 1с"], "q10": [27]}