{"q0": "01440ba5-b4d7-4bf9-915c-7756c8524971", "q1": "кладовщик", "q2": "Не совсем", "q2d": 0, "q3": {"работник склада": 20}, "q4": ["контроль качества сувенирной продукции, исправление недостатков, маркирование продукции."], "q5": ["ооо \"акм\""], "q6": [], "q7": [], "q8": ["качества сувенирной продукции, исправление недостатков, маркирование продукции"], "q9": ["контроль качества сувенирной продукции, исправление недостатков, маркирование продукции"], "q10": [144]}