{"q0": "0149ff1c-3cc2-4adb-be11-61b95090150c", "q1": "кладовщик", "q2": "Не совсем", "q2d": 0, "q3": {"руководитель транспортно-складской группы": 8}, "q4": ["результат"], "q5": ["корпусгрупп северо-запад"], "q6": [], "q7": [], "q8": ["обеспечение бесперебойной"], "q9": ["обеспечение бесперебойной работы основного производства и его филиалов"], "q10": [131]}