{"q0": "014f334e-f21b-47df-b841-1150bcdaed11", "q1": "кладовщик", "q2": "Да", "q2d": 57, "q3": {"старший кладовщик-операционист": 69}, "q4": ["контроль"], "q5": ["зао парфюм", "ооо мираторг"], "q6": [], "q7": [], "q8": ["погрузочно-разгрузочных работ"], "q9": ["контроль за сохранностью тмц в местах хранения и на всех этапах их движением"], "q10": [46]}