{"q0": "0151e130-dc1c-49cb-a55f-02496d6f8a74", "q1": "кладовщик", "q2": "Не совсем", "q2d": 0, "q3": {"работник склада": 11}, "q4": ["работа в 1с."], "q5": ["ооо глазовская типография"], "q6": [], "q7": [], "q8": ["учет продукции, выдача и приемка продукции. \n \n отчеты в excel и работа в 1с"], "q9": ["учет продукции, выдача и приемка продукции. \n \n отчеты в excel и работа в 1с"], "q10": [63]}