{"q0": "015441ac-5622-4923-a0d6-70d212566b9a", "q1": "кладовщик", "q2": "Не совсем", "q2d": 0, "q3": {"руководитель направления крепеж и инженерная сантехника/начальник управления логистики/начальник складского комплекса/специалист по складской логистике": 112, "специалист по складской логистике/зам.начальника склада": 18}, "q4": ["-развитие"], "q5": ["этм, компания", "протек, центр внедрения"], "q6": ["адресной", "линейный", "ассортиментной"], "q7": [], "q8": ["-развитие новых товарных направлений в компании"], "q9": ["-развитие"], "q10": [0]}