{"q0": "015405f3-3f0c-47d7-b8a2-22b2f1bae1a7", "q1": "кладовщик", "q2": "Не совсем", "q2d": 0, "q3": {"кладовщик наборщик,упаковщик": 8}, "q4": ["сбор заказов по накладной, проведение инвентаризации, приемка товара, упаковка заказов."], "q5": ["ооомир инструмента спб"], "q6": [], "q7": [], "q8": ["сбор заказов по накладной, проведение инвентаризации, приемка товара, упаковка заказов"], "q9": ["сбор заказов по накладной, проведение инвентаризации, приемка товара, упаковка заказов"], "q10": [111]}