{"q0": "015981cc-2172-44ca-ad3c-1e904a8b5436", "q1": "кладовщик", "q2": "Да", "q2d": 12, "q3": {}, "q4": ["документами"], "q5": ["ооо \"лик строй\""], "q6": [], "q7": [], "q8": ["учет тмц в 1с8 ут, отгрузка, прием товара, инвентаризация, работа с первичными"], "q9": ["тмц в 1с8 ут, отгрузка, прием товара, инвентаризация, работа с первичными бух"], "q10": [78]}