{"q0": "015b267c-22d2-41c7-95f0-a31ba3239008", "q1": "кладовщик", "q2": "Не совсем", "q2d": 0, "q3": {"комплектовщик, бухгалтер-оператор": 76}, "q4": ["бухгалтером-оператором"], "q5": ["зао \"биотон\""], "q6": [], "q7": [], "q8": ["4 месяца работала комплектовщиком заказов по накладной, потом работала бухгалтером-оператором"], "q9": ["4 месяца работала комплектовщиком заказов по накладной, потом работала бухгалтером-оператором"], "q10": [155]}