{"q0": "016f1a04-0168-40c0-b034-e57257c2b05c", "q1": "кладовщик", "q2": "Не совсем", "q2d": 0, "q3": {"менеджер склада и озч": 34}, "q4": ["ведение общей"], "q5": ["евроавто"], "q6": [], "q7": [], "q8": ["создание и ведение"], "q9": ["компьютерной базы склада разборки \"смоленка\" ассоциации евроавто, продажа запасных частей на легковые автомобили"], "q10": [168]}