{"q0": "01736840-111c-471c-a2d2-b4b189cf056b", "q1": "кладовщик", "q2": "Не совсем", "q2d": 0, "q3": {"кладовщик-комплектовщик": 9}, "q4": ["приём нового товара, ежедневный сбор товара для магазинов"], "q5": ["сеть магазинов рыбачок"], "q6": [], "q7": [], "q8": ["приём нового товара, ежедневный сбор товара для магазинов"], "q9": ["приём нового товара, ежедневный сбор товара для магазинов"], "q10": [88]}