{"q0": "017533ad-d502-4173-9be4-1b28bdd1c74e", "q1": "кладовщик", "q2": "Не совсем", "q2d": 0, "q3": {"начальник складского хозяйства": 30}, "q4": ["хозяйства"], "q5": ["ооо фирма \"мисто\""], "q6": [], "q7": [], "q8": ["оптимизация товарных остатков на складе\n инвентаризация тмц на складе\n контроль за работой персонала складского хозяйства"], "q9": ["регулирование"], "q10": [185]}