{"q0": "01783528-6644-41dc-87ec-d772fdf0587f", "q1": "кладовщик", "q2": "Не совсем", "q2d": 0, "q3": {"заведующий складом": 39}, "q4": ["продаж"], "q5": ["ооо \"гелла\""], "q6": [], "q7": [], "q8": ["приёмка, возвраты, распределение по складу грузчиками, управление складскими работниками, инвентаризации, отслеживание"], "q9": ["приёмка, возвраты, распределение по складу грузчиками, управление складскими работниками, инвентаризации, отслеживание"], "q10": [227]}