{"q0": "0183dda8-8486-4282-89a2-2791125667d3", "q1": "кладовщик", "q2": "Не совсем", "q2d": 0, "q3": {"кладовщик-грузчик": 34}, "q4": ["выгрузка, приёмка, объединение, выдача товара курьерам."], "q5": ["лабиринт"], "q6": [], "q7": [], "q8": ["выгрузка, приёмка, объединение, выдача товара курьерам"], "q9": ["выгрузка, приёмка, объединение, выдача товара курьерам"], "q10": [0]}