{"q0": "0186a7ad-a1eb-4a39-8182-b00a767e4a5f", "q1": "кладовщик", "q2": "Не совсем", "q2d": 0, "q3": {"менеджер склада": 32}, "q4": ["работ)"], "q5": ["ооо дистрибуционный центр бертельсман"], "q6": [], "q7": [], "q8": ["руководство работами по приему, рациональному размещению, хранению и отпуску товара на складе"], "q9": ["руководство работами по приему, рациональному размещению, хранению и отпуску товара на складе"], "q10": [103]}