{"q0": "01874924-7934-4671-9ee4-55c517a2a712", "q1": "кладовщик", "q2": "Не совсем", "q2d": 0, "q3": {"заведующий складом": 13, "карщик-кладовщик": 26}, "q4": ["остатков"], "q5": ["ооо \"галант-авто\"", "ооо \"данон-индустрия\""], "q6": [], "q7": [], "q8": ["складских остатков"], "q9": ["-контроль порядка в помещениях, относящихся к службе озч-внутрискладские перемещения товара\n -контроль отгрузки товара со склада"], "q10": [113]}