{"q0": "018871f2-d621-446e-af1c-c44747b33d27", "q1": "кладовщик", "q2": "Не совсем", "q2d": 0, "q3": {"кладовщик-комплектовщик": 34}, "q4": ["прием"], "q5": ["\"альфа-бизнес\""], "q6": [], "q7": [], "q8": ["прием и оформления товара, сбор заказов, логистика и инвентаризации склада"], "q9": ["прием и оформления товара, сбор заказов, логистика и инвентаризации склада"], "q10": [155]}