{"q0": "018c3135-c4bf-4774-818f-b0dc32c289c6", "q1": "кладовщик", "q2": "Не совсем", "q2d": 0, "q3": {"комплектовщик": 50, "рабочий склада": 14}, "q4": ["продукции."], "q5": ["ооо рост", "ооо дк восток"], "q6": [], "q7": [], "q8": ["товара по накладным\n складские работыкомплектовщик алкогольной продукции"], "q9": ["комплектация товара по накладным\n складские работыкомплектовщик алкогольной продукции"], "q10": [0]}