{"q0": "018ec725-a6ca-4412-96f7-a05ad11f155e", "q1": "кладовщик", "q2": "Не совсем", "q2d": 0, "q3": {"руководитель складского хозяйства": 64, "оператор бд, асистент менеджера, экономист, заместитель начальника склада сырья и материалов, аналитик": 184}, "q4": ["смежных отделов"], "q5": ["ооо тд \"сантэл\"", "ооо \"объединенные пивоварни хейнекен\""], "q6": [], "q7": ["sap"], "q8": ["обеспечение склада комплектующими\n - работа с поставщиками\n - контроль за остаткам \n - работа в системе 1s8"], "q9": ["обеспечение склада комплектующими\n - работа с поставщиками\n - контроль за остаткам \n - работа в системе 1s8"], "q10": [0]}