{"q0": "01903b25-11bf-406c-8880-1a82f739e173", "q1": "кладовщик", "q2": "Не совсем", "q2d": 0, "q3": {"кладовщик-комплектовщик": 2}, "q4": ["участие в инвентаризации."], "q5": ["петшоп", "продовольственная компания"], "q6": [], "q7": [], "q8": ["заказов по накладным;\n -проверка и упаковка заказов;\n -размещение тмц, прием тмц"], "q9": ["-комплектование заказов по накладным;\n -проверка и упаковка заказов;\n -размещение тмц, прием тмц"], "q10": [0]}