{"q0": "01919e2e-68db-46c7-8358-640aca3568bc", "q1": "кладовщик", "q2": "Не совсем", "q2d": 0, "q3": {"кладовщик-комплектовщик": 14}, "q4": ["помощью сканера"], "q5": ["ооо фикс прайс"], "q6": [], "q7": [], "q8": ["комплектование заказов по накладным, с помощью сканера"], "q9": ["комплектование заказов по накладным, с помощью сканера"], "q10": [30]}