{"q0": "0191e765-18fe-4eed-a095-ca3d75295c2a", "q1": "кладовщик", "q2": "Не совсем", "q2d": 0, "q3": {"заведующая складом вычислительной техники в секторе информационных технологий": 13}, "q4": ["постановка"], "q5": ["ленгипротранс оао по изысканиям и проектированию объектов транспортного строительства(железные дороги)"], "q6": [], "q7": [], "q8": ["постановка и ведение складского и управленческого учета вычислительной техники"], "q9": ["постановка и ведение складского и управленческого учета вычислительной техники"], "q10": [175]}