{"q0": "019222ac-5670-45a1-94ce-0de78b957536", "q1": "кладовщик", "q2": "Да", "q2d": 8, "q3": {"заместитель начальника склада": 25, "грузчик-комплектовщик": 6}, "q4": ["1с8", "программе 1с8", "уплотнение"], "q5": ["зао скороход-мода", "ип демьянов и.а.", "вальтер хольц", "ооо\"тдсз\"", "ооо\"бестпак\"", "ооо экко рос", "ооо\"юниостар\"", "тд \"брэнд-хаус\""], "q6": ["адресному"], "q7": [], "q8": ["приёмка-выдача тмц", "приёмка-выдача тмц", "приёмка-выдача"], "q9": ["приёмка-выдача"], "q10": [0]}