{"q0": "01959080-a6c7-498e-a9c5-0d69b5db6a74", "q1": "кладовщик", "q2": "Да", "q2d": 36, "q3": {"руководитель складского комплекса": 2, "кладовщик таможенного отдела": 7}, "q4": ["логистика."], "q5": ["ооо \"богемия-люкс-посуда\"", "ооо \"канон с-пб\"", "ооо \"торговый дом \"парнас\""], "q6": [], "q7": [], "q8": ["логистика.складская логистика"], "q9": ["складская логистика.складская логистика.складская логистика"], "q10": [110]}