{"q0": "019530b9-a54d-4a45-b737-e5bba98104e6", "q1": "кладовщик", "q2": "Не совсем", "q2d": 0, "q3": {"кладовщик-комплектовщик, комплектовщик-грузчик": 25, "кладовщик-комплектовщик": 5}, "q4": ["комплектовка"], "q5": ["ооо \"depo diy \"", "ооо \"kuehne+nagel\""], "q6": [], "q7": [], "q8": ["комплектовка"], "q9": ["комплектовка товара по накладной"], "q10": [29]}