{"q0": "01970926-6950-41c0-9594-26bd57ab8bd9", "q1": "кладовщик", "q2": "Не совсем", "q2d": 0, "q3": {"кастелянша-кладовщик": 12, "работник склада (кастелянша)": 85, "кладовщик,заместитель заведующей по хозяйтвенной части": 98}, "q4": ["учреждения"], "q5": ["ооо \"мясовъ\"", "ооо метро кэш энд керри", "ясли-сад №52 калининского района"], "q6": ["сортировка"], "q7": [], "q8": ["прием"], "q9": ["прием, учет, выдача, ремонт"], "q10": [70]}