{"q0": "019cb506-d4ce-4964-90fc-367b10ceea79", "q1": "кладовщик", "q2": "Да", "q2d": 20, "q3": {}, "q4": ["комплектование заказов,составление сопроводительной документации,контроль погрузочно-разгрузочных работ,ведение складской документации."], "q5": ["ооо\"мороз-рпр\""], "q6": [], "q7": [], "q8": ["комплектование заказов,составление сопроводительной документации,контроль погрузочно-разгрузочных работ,ведение складской документации"], "q9": ["комплектование заказов,составление сопроводительной документации,контроль погрузочно-разгрузочных работ,ведение складской документации"], "q10": [110]}