{"q0": "01a41363-ce13-461a-a3a7-610860eba2d5", "q1": "кладовщик", "q2": "Не совсем", "q2d": 0, "q3": {"менеджер по закупкам и складскому учету": 6}, "q4": ["инвентаризация"], "q5": ["две палочки, сеть ресторанов свободного полета"], "q6": [], "q7": [], "q8": ["заявок на поставку алкогольной, табачной продукции на ресторан ведение учета в бд работа с первичной"], "q9": ["оформление заявок на поставку алкогольной, табачной продукции на ресторан"], "q10": [101]}