{"q0": "01a5eb79-b068-4b0c-9409-305f50e2f63a", "q1": "кладовщик", "q2": "Не совсем", "q2d": 0, "q3": {"кладовщик-комплектовщик": 17, "кладовщик-грузчик": 5}, "q4": ["сбор и выдача клиентам заказов, участие в инвентаризациях. частично оформление торгового зала."], "q5": ["ооо \"август\"", "ооо \"дом лаверна\""], "q6": [], "q7": [], "q8": ["приём"], "q9": ["приём"], "q10": [169]}