{"q0": "01a8ce64-9217-4d2d-9deb-05e1af6711c5", "q1": "кладовщик", "q2": "Не совсем", "q2d": 0, "q3": {"зав складом , руководитель службы скл. хоз-ва , нач. отдела снабжения": 86}, "q4": ["получение тмц"], "q5": ["ооо \"цементно-бетонные изделия\""], "q6": [], "q7": [], "q8": ["получение тмц"], "q9": ["получение тмц , работа с документами , проведение инвентаризаций , заказ зап частей у поставщиков"], "q10": [119]}