{"q0": "01a915af-8ef1-4386-a3dc-e1d4c8137e86", "q1": "кладовщик", "q2": "Не совсем", "q2d": 0, "q3": {"кладовщик ,старший кладовщик": 17, "заместитель менеджера склада": 3, "заведующий складом": 4, "старший кладовщик": 5, "старший специалист складского учета": 12}, "q4": ["требует"], "q5": ["ооо тд \"мегаполис\"", "ооо\"интертерминал-пролоджистик\"", "ооо \"продлэнд\" ,тасса-групп, фодоптторг\"", "ооо \"мультипродукт\"", "ооо \"эколимс\"", "ooo\"терминал инжинеринг\""], "q6": ["рельсы", "партии"], "q7": [], "q8": ["1)приемка,хранение и отпуск тмц"], "q9": ["подготовка места для  поступлений  тмц\n 3"], "q10": [62]}