{"q0": "01a913b1-8f68-47b0-b283-2552eb78d43a", "q1": "кладовщик", "q2": "Да", "q2d": 1, "q3": {}, "q4": ["кладовщика"], "q5": ["ооо \"пк \"рэд фокс\"", "ооо \"ресурс\""], "q6": [], "q7": [], "q8": ["функции и обязанности кладовщикавсе вункции и обязанности кладовщика"], "q9": ["функции и обязанности кладовщикавсе вункции и обязанности кладовщика"], "q10": [65]}