{"q0": "01ace255-0a72-467e-869a-4ff6a53751fc", "q1": "кладовщик", "q2": "Не совсем", "q2d": 0, "q3": {"кладовщик-комплектовщик": 37}, "q4": ["местам"], "q5": ["лист спб"], "q6": [], "q7": [], "q8": ["накладной металлических изделий для продажи, прием товара,перемещение и распределение товара по местам"], "q9": ["по накладной металлических изделий для продажи, прием товара,перемещение и распределение товара по местам"], "q10": [0]}