{"q0": "01b1a1b9-0c22-45eb-bc77-3dddefc9c748", "q1": "кладовщик", "q2": "Не совсем", "q2d": 0, "q3": {"кладовщик, с переводом на должность зав.складом, потом менеджер отдела продаж": 45}, "q4": ["клиентов"], "q5": ["ооо \"некст\""], "q6": [], "q7": [], "q8": ["склад: организащия склада с нуля ( чистое помещение)"], "q9": ["поиск и привлечение оптовых и розничных клиентов клиентов"], "q10": [184]}