{"q0": "01b4132e-0ff7-4cc3-b168-3035217cde58", "q1": "кладовщик", "q2": "Да", "q2d": 6, "q3": {"начальник смены склада": 73, "оператор пк / склада": 18}, "q4": ["проведение"], "q5": ["ооо \"тд \"круглый год\"", "ооо \"вектор\"", "ооо \"рубеж маркет\""], "q6": ["пересорты"], "q7": ["бухта"], "q8": ["введение данных в excel"], "q9": ["введение данных в excel"], "q10": [0]}