{"q0": "01b943dd-ebec-4856-83f4-1c67b8b946dd", "q1": "кладовщик", "q2": "Не совсем", "q2d": 0, "q3": {"комплектовщик": 7}, "q4": ["материалов"], "q5": ["ооо «денди» («шоколадный город»)", "вематек-норд - рекламная продукция", "вематек-норд - рекламная продукция"], "q6": [], "q7": [], "q8": ["погрузка и разгрузка материалов"], "q9": ["погрузка и разгрузка материалов"], "q10": [173]}