{"q0": "01bdaad6-9115-430d-b064-1debe4df5f1f", "q1": "кладовщик", "q2": "Не совсем", "q2d": 0, "q3": {"заведующий складом": 22}, "q4": ["ведение"], "q5": ["вунц военно-воздушных сил военно-воздушная академия имени н. е. жуковского"], "q6": [], "q7": [], "q8": ["первичных документов, ведение учёта"], "q9": ["регистрация первичных документов, ведение учёта"], "q10": [102]}