{"q0": "01bfb1cd-bdfe-4435-a49e-167f1bde962b", "q1": "кладовщик", "q2": "Не совсем", "q2d": 0, "q3": {"кладовщик-оператор": 26}, "q4": ["приемка товаров, раскладка по счетам, упаковка, отправка клиентам"], "q5": ["ооо крисмас"], "q6": [], "q7": [], "q8": ["приемка товаров, раскладка по счетам, упаковка, отправка клиентам"], "q9": ["приемка товаров, раскладка по счетам, упаковка, отправка клиентам"], "q10": [29]}