{"q0": "01c17264-2e80-41eb-a97f-132b492a2ceb", "q1": "кладовщик", "q2": "Не совсем", "q2d": 0, "q3": {"кладовщик (фотограф-дизайнер)": 15}, "q4": ["аксессуаров."], "q5": ["\"нева плюс\" оптовая торговля трикотажными изделиями"], "q6": ["ассортимента"], "q7": [], "q8": ["за соответствие"], "q9": ["за соответствие ассортимента на складе и непосредственно на сайте фирмы"], "q10": [63]}