{"q0": "01c3875d-4835-4f6c-abd0-cacbdbab220c", "q1": "кладовщик", "q2": "Не совсем", "q2d": 0, "q3": {"диспетчер-склада": 4, "работник склада": 3}, "q4": ["отгрузка"], "q5": ["магнит, розничная сеть", "лента, федеральная розничная сеть"], "q6": [], "q7": [], "q8": ["отгрузка товара на отправку в магазины сети магниткомплектация товара с помощью тсд"], "q9": ["отгрузка товара на отправку в магазины сети магниткомплектация товара с помощью тсд"], "q10": [71]}