{"q0": "01cdae4f-fff6-4fac-a0a2-e9e7bb2fef94", "q1": "кладовщик", "q2": "Не совсем", "q2d": 0, "q3": {"кладовщик-комплектовщик": 6}, "q4": ["привычек"], "q5": ["оао пф ударник"], "q6": [], "q7": [], "q8": ["фгоу спо \"санкт-петербургский социальный техникум\" квалификация бухгалтер\n специальность экономика бухучет (по отраслям)"], "q9": ["привычек"], "q10": [68]}