{"q0": "01cdf516-a3cc-459e-be7e-a58ca1cd5ef4", "q1": "кладовщик", "q2": "Не совсем", "q2d": 0, "q3": {"начальник склада готовой продукции": 12}, "q4": ["роста"], "q5": ["ооо \"форте-примо\""], "q6": [], "q7": [], "q8": ["организация сбора заказов по накладным;\n - контроль сбора заказов"], "q9": ["организация сбора заказов по накладным"], "q10": [103]}