{"q0": "01ceb48b-5f7b-470f-87dd-e19f9d9ef215", "q1": "кладовщик", "q2": "Не совсем", "q2d": 0, "q3": {"заведующий складом": 216}, "q4": ["приём"], "q5": ["ооо сигма"], "q6": ["адресным", "сортировка"], "q7": [], "q8": ["приём, сортировка, складирование товара, проверка входящей документации, грамотное использование складских площадей"], "q9": ["приём"], "q10": [51]}