{"q0": "01d4283b-3619-4724-b475-bbbf5fa764fd", "q1": "кладовщик", "q2": "Не совсем", "q2d": 0, "q3": {"начальник склада": 12}, "q4": ["проведение инвентаризации.\n - управление персоналом склада, распределение работ, контроль выполнения."], "q5": ["ооо \"евротюнинг\"", "ооо \"нью поинт\""], "q6": [], "q7": [], "q8": ["ведение складского учета"], "q9": ["ведение"], "q10": [77]}