{"q0": "01d69605-98c5-4866-9bd5-b0c4933766cd", "q1": "кладовщик", "q2": "Не совсем", "q2d": 0, "q3": {"кладовщик (старший смены)": 5, "оператор 1c - кладовщик": 42}, "q4": ["товаров со склада"], "q5": ["ооо десерт-фентези", "ип четвергов"], "q6": [], "q7": [], "q8": ["разгрузка"], "q9": ["разгрузка,отгрузка машин,приём товара,веденеие учета мат.ценностей,работа с документацией"], "q10": [34]}