{"q0": "01d87a31-b2df-4795-9606-061423e77426", "q1": "кладовщик", "q2": "Не совсем", "q2d": 0, "q3": {"начальник склада": 96}, "q4": ["частей"], "q5": ["свид-мобиль"], "q6": [], "q7": [], "q8": ["складом отдела запасных частей проведение инвентаризаций, обучение персонала, мотивация оптимизация складских площадей складской документооборот"], "q9": ["управление складом отдела запасных частей"], "q10": [0]}