{"q0": "01dc62dd-2b22-4d23-93ee-2cde73fa8655", "q1": "кладовщик", "q2": "Не совсем", "q2d": 0, "q3": {"специалист склада, продавец, сервис-инженер": 17, "специалист склада": 7}, "q4": ["продавец.\n продажа техники, услуг и дополнительного обслуживание, оформление торгового зала.\n \n сервис-инженер"], "q5": ["м.видео", "м.видео"], "q6": [], "q7": [], "q8": ["специалист склада"], "q9": ["клиенту"], "q10": [67]}