{"q0": "01e47204-3d60-4777-a3d6-f2cc151c653d", "q1": "кладовщик", "q2": "Не совсем", "q2d": 0, "q3": {"ведущий специалист по управлению таможенного склада машин": 50}, "q4": ["ведение статистик."], "q5": ["ооо группа компаний «ртл»-общероссийский таможенный брокер (логистика, таможня, склад)"], "q6": [], "q7": [], "q8": ["руководство складским коллективом, организация приемки, размещения и досмотра товара"], "q9": ["руководство складским коллективом, организация приемки, размещения и досмотра товара"], "q10": [105]}