{"q0": "01eb4dc4-c4f1-458f-8f27-c2667f0e9cc7", "q1": "кладовщик", "q2": "Да", "q2d": 14, "q3": {"кладовщик-комплектовщик": 43, "кладовщик-комлектовщик": 49}, "q4": ["отправке"], "q5": ["работал  по договору", "торговый дом арвэл спецодежда", "оптово-розничная компания spin - поставки аудио-видео аксессуаров", "максима-комплект", "оптово-розничная компания spin - поставки аудио-видео аксессуаров"], "q6": ["адресного"], "q7": [], "q8": ["погрузка / разгрузка товара;\n прием товара\n комплектация товара;\n работа с документами (накладные)"], "q9": ["погрузка"], "q10": [53]}