{"q0": "01ec7dcd-33ac-4f54-b7e2-c3801adca10d", "q1": "кладовщик", "q2": "Не совсем", "q2d": 0, "q3": {"заведующий складом": 33}, "q4": ["отчетность"], "q5": ["модный дом игоря гуляева"], "q6": [], "q7": [], "q8": ["выпуск товара,работа с возвратами, распределение и  хранение товарно-материальных ценностей.учет складских операций"], "q9": ["выпуск товара,работа с возвратами, распределение и  хранение товарно-материальных ценностей.учет складских операций"], "q10": [0]}