{"q0": "01ef92eb-8844-4a53-8295-411ce1d9c227", "q1": "кладовщик", "q2": "Не совсем", "q2d": 0, "q3": {"директор склада": 52}, "q4": ["человек"], "q5": ["ооо  уютный дом"], "q6": ["стеллажнного"], "q7": [], "q8": ["оптимизация бизнес-процессов на складе;\n управление коллективом до 17 человек"], "q9": ["оптимизация бизнес-процессов на складе;\n управление коллективом до 17 человек"], "q10": [70]}