{"q0": "01f540ba-5e4d-41aa-a05b-43593a178439", "q1": "кладовщик", "q2": "Да", "q2d": 14, "q3": {"заместитель начальника склада": 68, "менеджер склада": 29, "старший кладовщик": 35}, "q4": ["ведение"], "q5": ["ntl packing, ооо", "ntl packing, ооо", "ntl packing, ооо", "ntl packing, ооо"], "q6": ["адресного", "стеллажей", "партий"], "q7": ["курс"], "q8": ["управление работой склада, складская и транспортная логистика\n - разработка и реализация внутренней структуры"], "q9": ["ведение"], "q10": [0]}