{"q0": "01f7e44e-6742-456b-895d-4212620c86a0", "q1": "кладовщик", "q2": "Не совсем", "q2d": 0, "q3": {"бухгалтер по складу 1с:торговля и склад": 0}, "q4": ["человек"], "q5": ["ооо туссон (дистрибьютор санинбев)"], "q6": [], "q7": [], "q8": ["контроль  возврата товарных накладных"], "q9": ["контроль  возврата товарных накладных,  проведение инвентаризаций,  оприходование товара от поставщика в 1с"], "q10": [174]}