{"q0": "01f965c8-b9c5-48ab-af55-a4956e853418", "q1": "кладовщик", "q2": "Не совсем", "q2d": 0, "q3": {"кладовщик-комплектовщик": 8}, "q4": ["инвентаризации"], "q5": ["ооо «coral»"], "q6": [], "q7": [], "q8": ["ведение складского учета\n - сбор и комплектация заказов\n - прием товаров по поступлениям\n - прием возвратов"], "q9": ["ведение складского учета"], "q10": [97]}