{"q0": "01fa0f01-92d3-4d52-9352-4cf7cf0d4823", "q1": "кладовщик", "q2": "Да", "q2d": 7, "q3": {"кладовщик-": 4}, "q4": ["производства"], "q5": ["стройбаза рыбинская маркет", "*ооо арсенал"], "q6": [], "q7": [], "q8": ["обеспечение со склада товарами магазинаобеспечение материалами лако -красочного производства"], "q9": ["обеспечение со склада товарами магазинаобеспечение материалами лако -красочного производства"], "q10": [188]}