{"q0": "02004af1-0867-4e42-9215-5ae36750a7c2", "q1": "кладовщик", "q2": "Не совсем", "q2d": 0, "q3": {"заместитель начальника центрального склада": 29, "начальник отдела приемки центрального склада": 84}, "q4": ["erp-системы oracle"], "q5": ["фармацевтический холдинг зао «генезис»", "фармацевтический холдинг зао «генезис»"], "q6": [], "q7": [], "q8": ["oracle application"], "q9": ["внедрение erp-системы oracle application"], "q10": [162]}