{"q0": "0200eace-2f7b-41fb-9abb-036b9b061353", "q1": "кладовщик", "q2": "Не совсем", "q2d": 0, "q3": {"работник склада": 5, "водитель погрузчика,комплектовщик": 10}, "q4": ["serve"], "q5": ["ооо \"фактория лтд\"", "ооо \"икеа дом\""], "q6": [], "q7": [], "q8": ["serve),комплектация заказов для покупателей со склада полного обслуживания,проведение инвенторизации"], "q9": ["комплектация заказов для покупателей со склада полного обслуживания,проведение инвенторизации"], "q10": [131]}