{"q0": "0205c971-7c0f-4374-9ed1-bbb2a0091c3b", "q1": "кладовщик", "q2": "Не совсем", "q2d": 0, "q3": {"оператор эвм-кладовщик": 18}, "q4": ["ведение"], "q5": ["оао «русские самоцветы»; производство ювелирных изделий"], "q6": [], "q7": [], "q8": ["ведение учета тмц, обработка первичной документации"], "q9": ["ведение учета тмц, обработка первичной документации"], "q10": [274]}