{"q0": "0207e764-2e8e-4c20-b43e-426d761d8df3", "q1": "кладовщик", "q2": "Не совсем", "q2d": 0, "q3": {"инженер сервисного центра / менеджер склада": 58, "старший кладовщик": 4}, "q4": ["hp"], "q5": ["ооо «паладин инвент»", "ооо \"охта логистик\""], "q6": [], "q7": [], "q8": ["диагностика, ремонт, обслуживание и инсталляция оборудования;\n общение с hp"], "q9": ["диагностика, ремонт, обслуживание и инсталляция оборудования;\n общение с hp"], "q10": [55]}