{"q0": "02088e61-114f-40f3-9fe2-9c36b5f9ba5c", "q1": "кладовщик", "q2": "Не совсем", "q2d": 0, "q3": {"учетчик склада-бухгалтер": 19}, "q4": ["инвентаризации"], "q5": ["союзбалткомплект"], "q6": [], "q7": [], "q8": ["правильности"], "q9": ["распечатка документов\n контроль возврата документации от контрагентов\n передача документов в бухгалтерию\n участие в инвентаризации"], "q10": [61]}