{"q0": "020b30aa-7164-4ff4-9445-0d81218384c7", "q1": "кладовщик", "q2": "Не совсем", "q2d": 0, "q3": {"заведующий складом": 98, "старший кладовщик": 11, "заведующий складом.": 109}, "q4": ["проведение инвентаризаций.организация работы склада.организация работы склада."], "q5": ["ооо\"тк\"мир безопасности\"", "ооо\"тсс\"", "ооо\"сантэл\""], "q6": [], "q7": [], "q8": ["работы склада,работа в 1с(82),проведение инвентаризацийорганизация работы складаорганизация работы склада"], "q9": ["работы склада,работа в 1с(8.2),проведение инвентаризаций.организация работы склада.организация работы склада"], "q10": [0]}