{"q0": "02168336-0558-4400-a12d-0bde74f5c995", "q1": "кладовщик", "q2": "Не совсем", "q2d": 0, "q3": {"склада и выкладки товара": 11}, "q4": ["машин."], "q5": ["ооо \"сделай сверо - запад\""], "q6": [], "q7": [], "q8": ["приём товара выкладка в торговый зал, разгрузка машин"], "q9": ["приём товара выкладка в торговый зал, разгрузка машин"], "q10": [157]}