{"q0": "021cdaf7-e5fd-491d-9ea0-f0b64e5623e7", "q1": "кладовщик", "q2": "Не совсем", "q2d": 0, "q3": {"заведующий складом": 28}, "q4": ["прием"], "q5": ["ооо тандем"], "q6": [], "q7": [], "q8": ["прием, размещение тмц, сбор тмц по накладным, отгрузка, вождение погрузчика"], "q9": ["прием, размещение тмц, сбор тмц по накладным, отгрузка, вождение погрузчика"], "q10": [107]}