{"q0": "021f3b10-d37d-451f-b61f-7cf5af4d496d", "q1": "кладовщик", "q2": "Не совсем", "q2d": 0, "q3": {"менеджер склада запчастей": 22}, "q4": ["ремзону"], "q5": ["зао прагматика"], "q6": [], "q7": [], "q8": ["закупка и продажа запчастей, работа в 1с склад, отгрузка запчастей в ремзону"], "q9": ["закупка и продажа запчастей, работа в 1с склад, отгрузка запчастей в ремзону"], "q10": [61]}