{"q0": "0223704d-8146-4b7c-9570-591cf2ed6737", "q1": "кладовщик", "q2": "Да", "q2d": 28, "q3": {}, "q4": ["прием товара,предпродажная подготовка,набивания стикеров, комплектация по накладными."], "q5": ["avrora, fashion gallery, тм (пурей, ип)"], "q6": [], "q7": [], "q8": ["прием товара,предпродажная подготовка,набивания стикеров, комплектация по накладными"], "q9": ["прием товара,предпродажная подготовка,набивания стикеров, комплектация по накладными"], "q10": [87]}