{"q0": "0224ddca-ce22-4ac1-bc06-59af5632861f", "q1": "кладовщик", "q2": "Не совсем", "q2d": 0, "q3": {"грузчик-кладовщик": 66}, "q4": ["терминале."], "q5": ["зао свх конкорд"], "q6": [], "q7": [], "q8": ["проведения грузовых и складских операции в таможенном терминале"], "q9": ["проведения грузовых и складских операции в таможенном терминале"], "q10": [126]}