{"q0": "02266d76-6495-4b61-880f-a69a3095edec", "q1": "кладовщик", "q2": "Не совсем", "q2d": 0, "q3": {"комплектовщик": 2}, "q4": ["через месяц обучен на водителя штабелера."], "q5": ["эра, торговый дом"], "q6": [], "q7": [], "q8": ["оптовых заказов, через месяц обучен на водителя штабелера"], "q9": ["оптовых заказов, через месяц обучен на водителя штабелера"], "q10": [111]}