{"q0": "02292f4e-fa5b-4be3-8328-62102ffc7421", "q1": "кладовщик", "q2": "Не совсем", "q2d": 0, "q3": {"комплектовщик": 5}, "q4": ["работал на центральном складе юлмарт, сбор товара при помощи тсдшки и приём на склад"], "q5": ["эриягрупп (аутсорс)"], "q6": [], "q7": [], "q8": ["работал на центральном складе юлмарт, сбор товара при помощи тсдшки и приём на склад"], "q9": ["работал на центральном складе юлмарт, сбор товара при помощи тсдшки и приём на склад"], "q10": [47]}