{"q0": "0229c7a5-8397-41b7-b346-ca56ed32bd24", "q1": "кладовщик", "q2": "Не совсем", "q2d": 0, "q3": {"координатор склада": 4}, "q4": ["переучёт"], "q5": ["светлана - к, ооо"], "q6": [], "q7": [], "q8": ["прием-отправка груза, работа на компьютере и сканере, внутрискладская логистика, переучёт"], "q9": ["прием-отправка груза, работа на компьютере и сканере, внутрискладская логистика, переучёт"], "q10": [43]}