{"q0": "022e32ec-bbd6-4384-b404-0f3a3ae882ba", "q1": "кладовщик", "q2": "Да", "q2d": 12, "q3": {"специалист склада": 5, "кладовщик-грузчик": 7, "кладовщик-комплектовщик": 9}, "q4": ["mozilla"], "q5": ["старт", "calzedonia group", "евросеть (россия)", "петрелиус", "ооо \" нпф хеликс\"", "ооо \"веста\"", "амикс"], "q6": [], "q7": ["1c", "sap"], "q8": ["mozilla thunderbirdприём"], "q9": ["приём"], "q10": [43]}