{"q0": "023ec3ec-1739-473d-b04c-b1b9b323f4ac", "q1": "кладовщик", "q2": "Не совсем", "q2d": 0, "q3": {"грузчик-комплектовщик": 2}, "q4": ["работы;\n – комплектация заказов."], "q5": ["ооо «с.э.л.»"], "q6": [], "q7": [], "q8": ["разгрузо-погрузочные работы;\n – комплектация заказов"], "q9": ["разгрузо-погрузочные работы;\n – комплектация заказов"], "q10": [110]}