{"q0": "02416f89-d518-4a55-b0d8-13aaa2edfd2a", "q1": "кладовщик", "q2": "Да", "q2d": 6, "q3": {}, "q4": ["документации"], "q5": ["техносила"], "q6": [], "q7": [], "q8": ["отгрузка прием товара по накладным, работа со сканером, ведение сопутствующей документации"], "q9": ["отгрузка прием товара по накладным, работа со сканером, ведение сопутствующей документации"], "q10": [72]}