{"q0": "02453240-6085-4a18-916b-410992518d35", "q1": "кладовщик", "q2": "Не совсем", "q2d": 0, "q3": {"заведующий склада": 24}, "q4": ["работа с первичной документацией, составление заказов, отправка, инвентаризации, работа с подчиненными."], "q5": ["ооо \"нева-подшипник\""], "q6": [], "q7": [], "q8": ["работа с первичной документацией, составление заказов, отправка, инвентаризации, работа с подчиненными"], "q9": ["работа с первичной документацией, составление заказов, отправка, инвентаризации, работа с подчиненными"], "q10": [163]}