{"q0": "0246c0ce-7cc8-4db5-8615-ff68f6e6e34e", "q1": "кладовщик", "q2": "Не совсем", "q2d": 0, "q3": {"кладовщик, комплектовщик, сборщик": 15}, "q4": ["товара"], "q5": ["odinshag, тринидад"], "q6": [], "q7": [], "q8": ["приём, комплектация и подготовка товара к отгрузке инвентаризация хранение товара"], "q9": ["приём, комплектация и подготовка товара к отгрузке"], "q10": [65]}