{"q0": "02486a70-e330-446f-b5ea-65b39370bed1", "q1": "кладовщик", "q2": "Не совсем", "q2d": 0, "q3": {"кладовщик-комплектовщик": 6}, "q4": ["листу"], "q5": ["евротюнинг - мск"], "q6": [], "q7": [], "q8": ["сборка и комплектовка заказов, сверка их по накладному листу"], "q9": ["сборка и комплектовка заказов, сверка их по накладному листу"], "q10": [28]}