{"q0": "024f0ac6-f71c-4b56-835f-2a48b699cb1d", "q1": "кладовщик", "q2": "Не совсем", "q2d": 0, "q3": {"кладовщик 1-го разряда, оператор погрузчика/штабелера": 82}, "q4": ["размещение тмц на складе"], "q5": ["компания хк мвд и марвел"], "q6": [], "q7": [], "q8": ["погрузка/выгрузка, приемка и размещение тмц на складе"], "q9": ["погрузка/выгрузка, приемка и размещение тмц на складе"], "q10": [33]}