{"q0": "02502f40-6704-46ec-b4a7-a6311523ebbd", "q1": "кладовщик", "q2": "Не совсем", "q2d": 0, "q3": {"сотрудник склада": 21}, "q4": ["покупателей."], "q5": ["ленинградская овощная военная база"], "q6": [], "q7": [], "q8": ["комплектация заказов, развозка по ресторанам свежих продуктов"], "q9": ["комплектация заказов, развозка по ресторанам свежих продуктов"], "q10": [144]}