{"q0": "025096e9-b432-489e-986f-49d12c78cf13", "q1": "кладовщик", "q2": "Не совсем", "q2d": 0, "q3": {"комплектовщик": 40, "кладовщик-маркировщик": 14}, "q4": ["работы"], "q5": ["симбат тойз", "ип вересов м. в."], "q6": [], "q7": [], "q8": ["заказов по терминалу,разгрузка-погрузкаразгрузо-погрузочные работы сбор заказов по накладным и расстановка товара по складу"], "q9": ["сборка заказов по терминалу,разгрузка-погрузкаразгрузо-погрузочные работы сбор заказов по накладным и расстановка товара по складу"], "q10": [0]}