{"q0": "02509575-3d82-46cf-a7b3-eeb36a365483", "q1": "кладовщик", "q2": "Не совсем", "q2d": 0, "q3": {"руководитель строительной площадки монтаж холодильных складов (металло конструкции, сендвич панели),устройство монолитных фундаментов, наружные сети водоснабжения и канализации)": 9}, "q4": ["ведение"], "q5": ["ооо \"экострой\""], "q6": [], "q7": [], "q8": ["ведение строительной"], "q9": ["ведение"], "q10": [117]}