{"q0": "025a8aa5-df7e-4163-b843-07e04c2101e9", "q1": "кладовщик", "q2": "Да", "q2d": 7, "q3": {"работник склада": 92}, "q4": ["проведение инвентаризаций"], "q5": ["зао\"росма\"", "зао \"экобалт\""], "q6": [], "q7": [], "q8": ["приемка товара\n - комплектация заказа\n - отгрузка товара потребителю\n - проведение инвентаризаций- приемка товара по wms"], "q9": ["приемка товара\n - комплектация заказа\n - отгрузка товара потребителю\n - проведение инвентаризаций- приемка товара по wms"], "q10": [36]}