{"q0": "026154e7-df6b-46f9-9523-2078846e2ccf", "q1": "кладовщик", "q2": "Не совсем", "q2d": 0, "q3": {"работник склада": 56}, "q4": ["работа на складе,по грузо разгруз очные работы,сборка"], "q5": ["зао таргетс"], "q6": [], "q7": [], "q8": ["работа на складе,по грузо разгруз очные работы,сборка заказов"], "q9": ["работа на складе,по грузо разгруз очные работы,сборка заказов"], "q10": [48]}