{"q0": "026dac6f-cd45-4f08-a806-c5d60668ac7d", "q1": "кладовщик", "q2": "Да", "q2d": 2, "q3": {"грузчик-комплектовщик": 7}, "q4": ["товара"], "q5": ["русский свет, ооо", "ооо терра"], "q6": [], "q7": [], "q8": ["отгрузка товара работа со сканеромразгрузка машин и комплектовка товара по наклодным"], "q9": ["отгрузка товара работа со сканеромразгрузка машин и комплектовка товара по наклодным"], "q10": [44]}