{"q0": "0270ae39-9d16-4272-8f3d-298ed9c7a14e", "q1": "кладовщик", "q2": "Не совсем", "q2d": 0, "q3": {"комплектовщик": 12}, "q4": ["сбор товара по терминалусбор товара по накладнойсбор товара по терминалу"], "q5": ["алкополюс", "ао интерскол", "иванко, ооо"], "q6": [], "q7": [], "q8": ["сбор товара по терминалусбор товара по накладнойсбор товара по терминалу"], "q9": ["сбор товара по терминалусбор товара по накладнойсбор товара по терминалу"], "q10": [0]}