{"q0": "0274fa89-3679-4adc-9cd9-81ddbc69d4e7", "q1": "кладовщик", "q2": "Не совсем", "q2d": 0, "q3": {"начальник склада": 26, "менеджер по транспорту, начальник склада, начальник отдела внутренней логистики": 51}, "q4": ["товарного"], "q5": ["ооо «холодильник – спб»", "тд «термекс»"], "q6": [], "q7": [], "q8": ["формирование товарного запаса"], "q9": ["формирование товарного запаса"], "q10": [102]}