{"q0": "027516eb-3ae9-438a-a7f6-8bb16d80239e", "q1": "кладовщик", "q2": "Да", "q2d": 41, "q3": {"кладовщик -учетчик": 87}, "q4": ["учет"], "q5": ["ооо\"петербургская строительная компания\"", "северо-западный филиал оао\"сады придонья\"", "зао\"экспомаркет\"", "зао\"вип-обои\""], "q6": [], "q7": [], "q8": ["учет строительного"], "q9": ["учет строительного"], "q10": [0]}