{"q0": "027ac0d7-b99e-4676-a026-96805da76ffe", "q1": "кладовщик", "q2": "Не совсем", "q2d": 0, "q3": {"оператор склада,комплектовщик,контролер качества.": 47}, "q4": ["перемещение деталей на линии, комплектовка, контроль качества."], "q5": ["джи эм авто"], "q6": [], "q7": [], "q8": ["перемещение деталей на линии, комплектовка, контроль качества"], "q9": ["перемещение деталей на линии, комплектовка, контроль качества"], "q10": [78]}