{"q0": "02801f72-1ef9-4a5b-9f0c-0e85b5af5cd5", "q1": "кладовщик", "q2": "Не совсем", "q2d": 0, "q3": {"кладовщик склада сырья": 92, "заведующая складом сырья и материалов": 32, "старший кладовщик": 48}, "q4": ["погрузочно-разгрузочные"], "q5": ["оао хлебный завод \"арнаут\"", "полиграфоформление-флексо", "полиграфоформление-флексо"], "q6": [], "q7": [], "q8": ["проводить погрузочно-разгрузочные"], "q9": ["проводить погрузочно-разгрузочные работы на складе и обеспечивать сохранность складируемых товарно-материальных ценностей"], "q10": [0]}