{"q0": "02825928-9ed9-4295-b072-c7d37018276b", "q1": "кладовщик", "q2": "Не совсем", "q2d": 0, "q3": {"администратор складского офиса": 134}, "q4": ["клиентами"], "q5": ["зао \"петербалт\""], "q6": [], "q7": [], "q8": ["взамодействие с клиентами"], "q9": ["взамодействие с клиентами. работа с первичными бухгалтерскими документами; сертификация; опыт продаж"], "q10": [149]}