{"q0": "028c5b43-67f7-45e7-b368-3f3416b8a515", "q1": "кладовщик", "q2": "Да", "q2d": 13, "q3": {}, "q4": ["проведение ревизий.\n  приобрел знания в работе с 1с, и в работе с документами."], "q5": ["ооо \"росбыттехника\""], "q6": ["стеллажам"], "q7": [], "q8": ["формирование заказов к отгрузке, прием поставок товара, распределение по стеллажам"], "q9": ["формирование заказов к отгрузке, прием поставок товара, распределение по стеллажам"], "q10": [92]}