{"q0": "02911145-f5b6-4dc5-a776-2d096cfc05a2", "q1": "кладовщик", "q2": "Не совсем", "q2d": 0, "q3": {"управляющий складом": 116}, "q4": ["торговля"], "q5": ["ип василевская з.с."], "q6": [], "q7": [], "q8": ["организация грузоперевозок, проведение переговоров, управление персоналом, ведение учета, оптовая торговля"], "q9": ["организация грузоперевозок, проведение переговоров, управление персоналом, ведение учета, оптовая торговля"], "q10": [0]}