{"q0": "0292664e-0da2-497a-84ac-29ed31965956", "q1": "кладовщик", "q2": "Не совсем", "q2d": 0, "q3": {"оператор склада-кладовщик": 28, "оператор складского учета": 56}, "q4": ["работы"], "q5": ["ооо\"эйркул\"", "ооо\"эгопласт спб\""], "q6": [], "q7": [], "q8": ["координация работы"], "q9": ["работы офиса и склада, контроль движения между складами, внесение данных по приходу"], "q10": [62]}