{"q0": "029ad970-a3f8-45f2-a7f6-e6d3b810fea5", "q1": "кладовщик", "q2": "Не совсем", "q2d": 0, "q3": {"технолог складского комплекса": 82, "комплектовщик-наборщик заказов": 6}, "q4": ["работы"], "q5": ["ооо электропоставка", "ооо алиди-норд"], "q6": [], "q7": [], "q8": ["формирование топологии"], "q9": ["работы", "excel, word, power point)\n - работа с макросами и формулами excel"], "q10": [0]}