{"q0": "02a0f689-c0d9-414a-8f63-24fd70a47ef0", "q1": "кладовщик", "q2": "Да", "q2d": 17, "q3": {"заведующий складом": 7}, "q4": ["проведение инвентаризаций, контроль за работой сотрудниковкомплектация"], "q5": ["ооо\"спин\"", "ооо\"спин\""], "q6": [], "q7": [], "q8": ["проведение инвентаризаций, контроль за работой сотрудниковкомплектация заказов"], "q9": ["проведение инвентаризаций, контроль за работой сотрудниковкомплектация заказов"], "q10": [199]}