{"q0": "02a2fa2d-d6c3-4c07-b3a9-d01a3370558a", "q1": "кладовщик", "q2": "Не совсем", "q2d": 0, "q3": {"оператор складской техники": 62}, "q4": ["управление электроштабелером"], "q5": ["юлмарт"], "q6": [], "q7": [], "q8": ["управление электроштабелером; расстановка, снятие и транспортировка товара; обеспечение надлежащего хранения товара"], "q9": ["управление электроштабелером; расстановка, снятие и транспортировка товара; обеспечение надлежащего хранения товара"], "q10": [0]}