{"q0": "02a6f283-c4de-43e7-a80d-a7945009ba1c", "q1": "кладовщик", "q2": "Не совсем", "q2d": 0, "q3": {"кладовщик - комплектовщик": 93}, "q4": ["работы"], "q5": ["юмикс, ооо"], "q6": [], "q7": [], "q8": ["кладовщик-комплектовщик,водитель погрузчика,водитель грузового автомобиля,водитель бобката, водитель электроштабелера,ремонтно-строительные"], "q9": ["работы"], "q10": [0]}