{"q0": "02a8dc76-482a-4882-96e6-3febb8151167", "q1": "кладовщик", "q2": "Не совсем", "q2d": 0, "q3": {"комплектовщик": 75}, "q4": ["прием товара, комплектование груза, упаковка грузов, проведение инвентаризации."], "q5": ["ооо лаб тэк лтд"], "q6": [], "q7": [], "q8": ["прием товара, комплектование груза, упаковка грузов, проведение инвентаризации"], "q9": ["прием товара, комплектование груза, упаковка грузов, проведение инвентаризации"], "q10": [0]}