{"q0": "02af881d-808b-4fd0-90f2-65b306127fd4", "q1": "кладовщик", "q2": "Не совсем", "q2d": 0, "q3": {"менеджер склада": 130}, "q4": ["sap"], "q5": ["ао тд перекресток"], "q6": [], "q7": ["sap"], "q8": ["прием товара на склад, проверка качества/количества поставляемой продукции"], "q9": ["прием товара на склад, проверка качества/количества поставляемой продукции"], "q10": [40]}