{"q0": "02b48a26-c53b-46d1-b97c-f7a57baef0e4", "q1": "кладовщик", "q2": "Не совсем", "q2d": 0, "q3": {"кладовщик/начальник склада": 33}, "q4": ["управленческая деятельность,отчет продаж,инвентаризация,ведение документооборота магазина."], "q5": ["компьютерный мир"], "q6": [], "q7": [], "q8": ["управленческая деятельность,отчет продаж,инвентаризация,ведение документооборота магазина"], "q9": ["управленческая деятельность,отчет продаж,инвентаризация,ведение документооборота магазина"], "q10": [93]}