{"q0": "02b7e25c-2d96-41a2-81f5-4aeac91214b7", "q1": "кладовщик", "q2": "Да", "q2d": 7, "q3": {"кладовщик-комплектовщик": 21}, "q4": ["инвентаризации"], "q5": ["ооо \"гк \"севкабель\"", "филиал фпк ржд"], "q6": [], "q7": [], "q8": ["обеспечение"], "q9": ["обеспечение и контроль заключительного этапа производства, расчёты, сдача продукции на склад"], "q10": [52]}