{"q0": "02ba3ed8-e2f9-45c6-a071-6ca8e5dfe0c0", "q1": "кладовщик", "q2": "Не совсем", "q2d": 0, "q3": {"сотрудник склада": 36}, "q4": ["маршрутам."], "q5": ["lamoda"], "q6": ["сортировка"], "q7": [], "q8": ["склада,приемка товара,выкладка и сортировка товаров по маршрутам"], "q9": ["сотрудник склада,приемка товара,выкладка и сортировка товаров по маршрутам"], "q10": [0]}