{"q0": "02c4ffab-c2b0-4d54-9df7-85033ab72e77", "q1": "кладовщик", "q2": "Да", "q2d": 31, "q3": {}, "q4": ["прием товара"], "q5": ["ооо \"стд петрович\""], "q6": [], "q7": [], "q8": ["прием товара, распределение обязанностей по сотрудникам, работа с клиентами, учет склада"], "q9": ["прием товара, распределение обязанностей по сотрудникам, работа с клиентами, учет склада"], "q10": [49]}