{"q0": "02c568aa-dcf2-41b7-9cda-1a00b0f90328", "q1": "кладовщик", "q2": "Не совсем", "q2d": 0, "q3": {"руководитель службы складской логистики": 13}, "q4": ["ohsas"], "q5": ["ооо \"склад сервис н\""], "q6": [], "q7": [], "q8": ["непрерывное обеспечение производства материалом, вывоз готовой продукции в режиме 24 ч., система работы kanban"], "q9": ["внедрение в работу новых стандартов : wms,kaizen"], "q10": [99]}