{"q0": "02ccb702-a2b2-40ad-940f-14f969624d6c", "q1": "кладовщик", "q2": "Не совсем", "q2d": 0, "q3": {"кладовщик-комплектовщик": 61, "кладовщик-комплектовщик, экспедитор": 69}, "q4": ["ненормированный рабочий график."], "q5": ["тд \"онега\"", "ооо \"а-бутс\""], "q6": [], "q7": [], "q8": ["7,7; работа с продуктами питания"], "q9": ["ненормированный рабочий график"], "q10": [0]}