{"q0": "02d0b0ab-1cd1-4948-a165-c151a1e2e711", "q1": "кладовщик", "q2": "Не совсем", "q2d": 0, "q3": {"грузчик-комплектовщик": 12}, "q4": ["работа на складе готовой продукции. комплектация заказов."], "q5": ["оао \"ладоград\""], "q6": [], "q7": [], "q8": ["работа на складе готовой продукции"], "q9": ["работа на складе готовой продукции"], "q10": [99]}