{"q0": "02d31598-a1e6-4939-b837-feb2c071b3b9", "q1": "кладовщик", "q2": "Не совсем", "q2d": 0, "q3": {"начальник склада": 113}, "q4": ["наставничевство..."], "q5": ["тд пофснаб"], "q6": [], "q7": [], "q8": ["работы коллектива,рациональное,использование площадей,отк,инвентаризации,наставничевство"], "q9": ["организация работы коллектива,рациональное,использование площадей,отк,инвентаризации,наставничевство"], "q10": [0]}