{"q0": "02e0b7a7-a9bd-4e26-8936-8d832cc9d17d", "q1": "кладовщик", "q2": "Не совсем", "q2d": 0, "q3": {"менеджер по закупкам и ведению складского учета": 15}, "q4": ["бухгалтерии"], "q5": ["две палочки, сеть ресторанов свободного полета"], "q6": [], "q7": [], "q8": ["формирование"], "q9": ["формирование заказа и приёмка товара от поставщиков"], "q10": [63]}