{"q0": "02e01cfc-0b75-425b-8f3c-1f412e3a192d", "q1": "кладовщик", "q2": "Не совсем", "q2d": 0, "q3": {"старший кладовщик": 43}, "q4": ["nvh-rus-"], "q5": ["ооо nvh-rus"], "q6": [], "q7": [], "q8": ["приём и хранение тмц по фифо контроль   смены проведение инвентаризации отчётность\n ооо nvh-rus-"], "q9": ["nvh-rus- завод хёндай, производство шумоизоляции для автомобилей хёндай солярис и киа рио"], "q10": [86]}