{"q0": "02e371fd-17e5-4600-9e02-b8c4e720a7eb", "q1": "кладовщик", "q2": "Не совсем", "q2d": 0, "q3": {"комплектовщик": 14}, "q4": ["ценников."], "q5": ["зао\"энвэф\""], "q6": [], "q7": [], "q8": ["сборка заказов по накладным,проверка качества товара и соответствия ценников"], "q9": ["сборка заказов по накладным,проверка качества товара и соответствия ценников"], "q10": [66]}