{"q0": "02eb9f4d-56ea-420b-98ee-ed47bf2aa8fc", "q1": "кладовщик", "q2": "Не совсем", "q2d": 0, "q3": {"оператор механизированных и автоматизированных складов в департамент снабжения.склад": 5}, "q4": ["дисциплины"], "q5": ["000\"мобисмодульснг"], "q6": [], "q7": [], "q8": ["сборка заказов.осуществление"], "q9": ["сборка заказовосуществление"], "q10": [59]}