{"q0": "02ecbc5a-05bc-4afa-970a-4ffaf04a964a", "q1": "кладовщик", "q2": "Не совсем", "q2d": 0, "q3": {"оператор связи 2-го класса на складе": 2}, "q4": ["прием товара"], "q5": ["почта россии"], "q6": [], "q7": [], "q8": ["прием товара,внесение товара в базу данных,складирование товара на складе"], "q9": ["прием товара,внесение товара в базу данных,складирование товара на складе"], "q10": [47]}