{"q0": "02ec0ab1-ec96-44ee-b47a-deaad766037e", "q1": "кладовщик", "q2": "Не совсем", "q2d": 0, "q3": {"работник склада": 43}, "q4": ["инвентаризация"], "q5": ["ооо \"европа уно трейд спб\", магазин \"веселая затея\""], "q6": [], "q7": ["sap"], "q8": ["погрузочно-разгрузочные работы\n - комплектация заказов\n - поддержание порядка на складе\n - работа с программой sap"], "q9": ["погрузочно-разгрузочные работы\n - комплектация заказов\n - поддержание порядка на складе\n - работа с программой sap"], "q10": [74]}