{"q0": "02edecff-2918-4115-a7fd-52671c9e50a8", "q1": "кладовщик", "q2": "Не совсем", "q2d": 0, "q3": {"заместитель начальника склада": 66}, "q4": ["прием"], "q5": ["победа, кондитерская фабрика"], "q6": [], "q7": [], "q8": ["прием"], "q9": ["прием , размещение, комплектация, отгрузка товара на сети, торговые точки различных форматов"], "q10": [0]}