{"q0": "02f1abb3-3cd1-46ff-83b0-901d788d8050", "q1": "кладовщик", "q2": "Не совсем", "q2d": 0, "q3": {"оператор склада": 34}, "q4": ["помещений."], "q5": ["ооо формула-к"], "q6": [], "q7": [], "q8": ["эксплуатация и ремонт электрооборудования складских помещений"], "q9": ["эксплуатация и ремонт электрооборудования складских помещений"], "q10": [110]}