{"q0": "02f2d722-b737-4c64-a626-3f4e21de23eb", "q1": "кладовщик", "q2": "Да", "q2d": 147, "q3": {"кладовщик 1-й категории": 25}, "q4": ["обучение молодых сотрудников."], "q5": ["ооо бс-трейдинг", "ооо тд идиллия", "зао лаверна"], "q6": [], "q7": [], "q8": ["приёмки"], "q9": ["приёмки, размещение,инвентаризация,  сборка, упаковка интернет заказов"], "q10": [29]}