{"q0": "02f485f2-e0f0-4acf-9c21-a31a18506453", "q1": "кладовщик", "q2": "Да", "q2d": 27, "q3": {"оператор склада": 7}, "q4": ["др."], "q5": ["киберри", "ооо адидас"], "q6": [], "q7": [], "q8": ["прием товара"], "q9": ["прием товара, проведение погрузочно-разгрузочных работ, участие в инвентаризации, работа на пункте выдачи заказов.приёмка"], "q10": [74]}