{"q0": "02f4f18f-2317-4d68-83cc-e8505fa4fb43", "q1": "кладовщик", "q2": "Да", "q2d": 82, "q3": {}, "q4": ["своевременная приёмка, размещение, хранение, аннуляция, учет и выдача тмц."], "q5": ["ооо “о-курьер“"], "q6": [], "q7": [], "q8": ["приёмка, размещение, хранение, аннуляция, учет и выдача тмц"], "q9": ["своевременная приёмка, размещение, хранение, аннуляция, учет и выдача тмц"], "q10": [0]}