{"q0": "02f519ef-7052-49b0-b1a5-2fa7bf64b205", "q1": "кладовщик", "q2": "Да", "q2d": 171, "q3": {}, "q4": ["кладовщик"], "q5": ["ооо конквест, ооо модуль, стд петрович"], "q6": [], "q7": [], "q8": ["приём, размещение, отгрузка, тмц\n инвентаризация\n повышение в должности, старший кладовщик"], "q9": ["приём, размещение, отгрузка, тмц\n инвентаризация\n повышение в должности, старший кладовщик"], "q10": [0]}