{"q0": "02f527ec-def1-47cd-9f4b-f612a61b0827", "q1": "кладовщик", "q2": "Не совсем", "q2d": 0, "q3": {"администратор склада": 37, "кладовщик отдела продаж": 12}, "q4": ["luxury"], "q5": ["machiavelli luxury group", "ооо «петровский автоцентр»"], "q6": ["адресным", "ассортимента"], "q7": ["outlook", "курс"], "q8": ["организация работы на складе брэндовой одежды класса \"luxury"], "q9": ["м/ц ведется через 1с, так же excel, outlook, работа с интернетом"], "q10": [83]}