{"q0": "02fedb3a-635d-47c2-a4d3-c1d48be80cac", "q1": "кладовщик", "q2": "Не совсем", "q2d": 0, "q3": {"заместитель начальника склада": 69}, "q4": ["коллетиве"], "q5": ["ди ай вай тулз"], "q6": [], "q7": [], "q8": ["контроль за качественной приемкой, хранением и отгрузкой товара"], "q9": ["контроль за качественной приемкой, хранением и отгрузкой товара контроль за соблюдением установленных регламентов"], "q10": [27]}