{"q0": "0302bcd8-42ba-46cf-94d8-a937b22adfc9", "q1": "кладовщик", "q2": "Не совсем", "q2d": 0, "q3": {"зав.складом": 32}, "q4": ["ротацией (складская логистика, адресное хранение, номенклатура более 1000)"], "q5": ["ооостэнком-галант"], "q6": ["адресное"], "q7": [], "q8": ["руководство складским коллективом - контроль отгружаемого и принимаемого товара по количеству и качеству"], "q9": ["руководство складским коллективом - контроль отгружаемого и принимаемого товара по количеству и качеству"], "q10": [73]}