{"q0": "03081d82-1c56-4d37-ba76-86dfda228af2", "q1": "кладовщик", "q2": "Да", "q2d": 2, "q3": {"комплектовщик": 73}, "q4": ["т.д."], "q5": ["апекс", "ооо нтк"], "q6": [], "q7": [], "q8": ["отгрузка автозапчастейсбор заказов по накладным,прием возвратов,поддержание порядка на складе и т.д"], "q9": ["автозапчастейсбор заказов по накладным,прием возвратов,поддержание порядка на складе и т.д"], "q10": [41]}