{"q0": "0308329d-d6d7-420f-9d5c-652a3f6916da", "q1": "кладовщик", "q2": "Не совсем", "q2d": 0, "q3": {"кладовщик-отборщик": 77, "комплектовщик участка обеспечения кузовного цеха, отдел внутренней логистики": 8}, "q4": ["приеме"], "q5": ["ооо петровский спб", "ооо \"ниссан мэнуфэкчуринг рус\""], "q6": [], "q7": [], "q8": ["участие в приеме"], "q9": ["участие в приеме запасных частей на склад и размещении, подбор актуальных зап"], "q10": [0]}