{"q0": "030caf25-83db-41d5-a151-4919d26ad825", "q1": "кладовщик", "q2": "Не совсем", "q2d": 0, "q3": {"кладовщик-комплектовщик": 21}, "q4": ["администратора"], "q5": ["спецторг-юг, ооо"], "q6": [], "q7": [], "q8": ["быстрота,качество,с упаковщика стал кладовщиком,был помощником администратора"], "q9": ["быстрота,качество,с упаковщика стал кладовщиком,был помощником администратора"], "q10": [69]}