{"q0": "03103264-bafa-4c83-b068-59d05dd6abc1", "q1": "кладовщик", "q2": "Не совсем", "q2d": 0, "q3": {"комплектовщик": 7}, "q4": ["материалов"], "q5": ["ооо «денди» («шоколадный город»)", "вематек-норд - рекламная продукция", "вематек-норд - рекламная продукция"], "q6": [], "q7": [], "q8": ["погрузка и разгрузка материалов"], "q9": ["погрузка и разгрузка материалов"], "q10": [173]}