{"q0": "0311ea3d-8aaf-4c52-b931-2aa45ebeb9ac", "q1": "кладовщик", "q2": "Не совсем", "q2d": 0, "q3": {"заведующий складом": 7}, "q4": ["обязательствам"], "q5": ["ооо «сквид тд»"], "q6": [], "q7": [], "q8": ["ооо «сквид тд» новороссийский филиал    заведующий складом"], "q9": ["ооо «сквид тд» новороссийский филиал    заведующий складом"], "q10": [168]}