{"q0": "03134f67-8baa-4c95-bd52-065276b58142", "q1": "кладовщик", "q2": "Не совсем", "q2d": 0, "q3": {"специалист по складской обработке": 8, "сотрудник склада": 28, "менеджер склада рц": 21}, "q4": ["outlookучет"], "q5": ["ао связной логистика", "ооо филуэт рс", "ооо \"максидом\""], "q6": [], "q7": ["word", "outlook"], "q8": ["outlookучет"], "q9": ["работа"], "q10": [50]}