{"q0": "0314cb58-74dc-4a4f-b52a-a64173327766", "q1": "кладовщик", "q2": "Да", "q2d": 15, "q3": {}, "q4": ["приемка, размещения товара;\n отгрузка товара;\n сбор и комплектование"], "q5": ["petshop"], "q6": [], "q7": [], "q8": ["приемка, размещения товара;\n отгрузка товара;\n сбор и комплектование"], "q9": ["приемка, размещения товара;\n отгрузка товара;\n сбор и комплектование"], "q10": [35]}