{"q0": "0322f4ac-d36d-4645-b806-fc79687de8d9", "q1": "кладовщик", "q2": "Не совсем", "q2d": 0, "q3": {"грузчик-комплектовщик": 47}, "q4": ["прием"], "q5": ["образовательный центр сириус"], "q6": [], "q7": [], "q8": ["продуктов питания,прием товара работа с накладными"], "q9": ["комплектовка продуктов питания,прием товара работа с накладными"], "q10": [0]}