{"q0": "03279bb3-0d7b-48d7-ab69-baf0b13bd83a", "q1": "кладовщик", "q2": "Не совсем", "q2d": 0, "q3": {"курьер \\ менеджер по продажам \\ помощник кладовщика": 8}, "q4": ["было"], "q5": ["ооо полярис (федеральная розничная сеть по торговле электроникой) г. санкт петербург, санкт-петербург"], "q6": [], "q7": [], "q8": ["продажа бытовой электроники , иногда курьерская доставка ,помощь по складу"], "q9": ["продажа бытовой электроники , иногда курьерская доставка ,помощь по складу"], "q10": [176]}