{"q0": "032bdae5-fcb0-423c-94c9-b5b2812f7445", "q1": "кладовщик", "q2": "Не совсем", "q2d": 0, "q3": {"руководитель транспортной и складской логистики": 83}, "q4": ["99,99снижение удельных затрат на еденицу продукцииработа с 1с8антор"], "q5": ["ооо \"маркет-трейд\""], "q6": ["стеллажном"], "q7": [], "q8": ["подписание договоровс"], "q9": ["подписание"], "q10": [0]}