{"q0": "032b6651-8352-48aa-b57d-ab84cd7fdedc", "q1": "кладовщик", "q2": "Не совсем", "q2d": 0, "q3": {"работник склада": 7}, "q4": ["упаковка"], "q5": ["склад redthread"], "q6": [], "q7": [], "q8": ["обязанности входило: погрузка, разгрузка, работа с ручным штабелером, рохлей, прессовка"], "q9": ["обязанности входило: погрузка, разгрузка, работа с ручным штабелером, рохлей, прессовка"], "q10": [29]}