{"q0": "033621b0-5f46-47c4-bd55-9ecbbe9e09ea", "q1": "кладовщик", "q2": "Да", "q2d": 19, "q3": {}, "q4": ["хранение, перемещения товара, приём товара, разнос товара, выдача розничного товара."], "q5": ["юлмарт"], "q6": [], "q7": [], "q8": ["складское хранение, перемещения товара, приём товара, разнос товара, выдача розничного товара"], "q9": ["складское хранение, перемещения товара, приём товара, разнос товара, выдача розничного товара"], "q10": [65]}