{"q0": "033e570b-85d3-49e5-9226-31ed03b0e90d", "q1": "кладовщик", "q2": "Не совсем", "q2d": 0, "q3": {"продавец консультант/сотрудник выдачи/сотрудник склада": 58}, "q4": ["инвентаризациях"], "q5": ["компьютерный мир/днс/ао технопоинт"], "q6": ["ассортименту"], "q7": [], "q8": ["консультации клиентов"], "q9": ["консультации клиентов по ассортименту магазина, продажи, оформление гар"], "q10": [56]}