{"q0": "0341e2f3-4d23-4083-9a0f-c03bf0b1954e", "q1": "кладовщик", "q2": "Не совсем", "q2d": 0, "q3": {"комплектовщик": 6}, "q4": ["срок"], "q5": ["ооо лика"], "q6": [], "q7": [], "q8": ["комплектовка товаров , погрузка выполнял по требованию начальника в срок"], "q9": ["комплектовка товаров , погрузка выполнял по требованию начальника в срок"], "q10": [35]}