{"q0": "03443a17-b0ad-465b-a055-d385f0f56a4c", "q1": "кладовщик", "q2": "Не совсем", "q2d": 0, "q3": {"руководитель оптового склада": 6}, "q4": ["рынке"], "q5": ["ооо \"дизайн карго\""], "q6": [], "q7": [], "q8": ["продавал цветочную продукцию дилерам и оптовикам \n - организовывал бесперебойную работу склада оптовой торговли"], "q9": ["продавал цветочную продукцию дилерам и оптовикам \n - организовывал бесперебойную работу склада оптовой торговли"], "q10": [77]}