{"q0": "0348f579-77ab-4b95-b7b3-9cfc59e40029", "q1": "кладовщик", "q2": "Не совсем", "q2d": 0, "q3": {"оператор складских запасов": 58}, "q4": ["оператор склада, позже оператор приходных операций, позже менеджер в отделе закупок."], "q5": ["оао «юнилэнд – нева»"], "q6": [], "q7": [], "q8": ["оператор склада, позже оператор приходных операций, позже менеджер в отделе закупок"], "q9": ["оператор склада, позже оператор приходных операций, позже менеджер в отделе закупок"], "q10": [227]}