{"q0": "034beb9c-f313-4050-862b-d9cb566eabca", "q1": "кладовщик", "q2": "Не совсем", "q2d": 0, "q3": {"техник склада новых а/м": 56}, "q4": ["прием"], "q5": ["ооо \"петровский спб\""], "q6": [], "q7": [], "q8": ["прием"], "q9": ["прием,размешение и обеспечение предпродажной подготовки новых автомобилей от автовоза до передачи клиенту"], "q10": [68]}