{"q0": "034db8d0-39ee-46a8-969f-8c4238dbaa1a", "q1": "кладовщик", "q2": "Не совсем", "q2d": 0, "q3": {"кладовщик-комплектовщик, менеджер представительства, оператор складской техники": 96}, "q4": ["оборудованием."], "q5": ["нао \"юлмарт\""], "q6": [], "q7": [], "q8": ["работа на складе, с тмц и складским оборудованием"], "q9": ["работа на складе, с тмц и складским оборудованием"], "q10": [0]}