{"q0": "035812b9-3a75-4e5a-bcf5-722988ccea45", "q1": "кладовщик", "q2": "Не совсем", "q2d": 0, "q3": {"начальник склада, менеджер оптовых продаж в сектор horeca": 52, "старший кладовщик (бригадир ночных смен).": 8}, "q4": ["машины клиентов"], "q5": ["ооо \"белар\"", "ооо продовольственная компания"], "q6": [], "q7": [], "q8": ["руководство складом продуктов"], "q9": ["продуктовый склад\n выполнение плана по сборке"], "q10": [0]}