{"q0": "035bf5d6-2a46-4a62-a402-f0e66d493b67", "q1": "кладовщик", "q2": "Не совсем", "q2d": 0, "q3": {"комплектовщик": 3}, "q4": ["адресная система хранения товара\n робота с терминалом\n сбор заказов на электро рохле\n уборка"], "q5": ["о’кей – федеральная розничная сеть"], "q6": ["дресная"], "q7": [], "q8": ["адресная система хранения товара\n робота с терминалом\n сбор заказов на электро рохле\n уборка"], "q9": ["адресная система хранения товара\n робота с терминалом\n сбор заказов на электро рохле\n уборка"], "q10": [68]}