{"q0": "035eee86-b5c2-45ef-849a-6204b2760d43", "q1": "кладовщик", "q2": "Не совсем", "q2d": 0, "q3": {"кладовщик-комплектовщик": 44}, "q4": ["складе"], "q5": ["риа панда"], "q6": ["сортировка"], "q7": [], "q8": ["осуществление своевременного"], "q9": ["осуществление своевременного приема на склад, хранение и выдачу со склада материальных ценностей"], "q10": [39]}