{"q0": "0368fbd6-81a5-4708-aba3-34b8272db6d2", "q1": "кладовщик", "q2": "Не совсем", "q2d": 0, "q3": {"заведующий складом, менеджер": 16}, "q4": ["рынке в2в."], "q5": ["ооо \"гравитон дв\""], "q6": [], "q7": [], "q8": ["продажи промышленного оборудования: ведение переговоров, презентация продукции\n продажи на рынке в2в"], "q9": ["продажи промышленного оборудования: ведение переговоров, презентация продукции.\n продажи на рынке в2в"], "q10": [217]}