{"q0": "0368b258-0fe3-497f-811a-9874ce07a5d7", "q1": "кладовщик", "q2": "Не совсем", "q2d": 0, "q3": {"заведующий складом": 92, "менеджер склада": 38}, "q4": ["поступление/реализация/перемещение товара в 1с."], "q5": ["восток-сервис, тд, санкт-петербург", "восток-сервис, тд, санкт-петербург"], "q6": [], "q7": [], "q8": ["поступление/реализация/перемещение товара"], "q9": ["поступление/реализация/перемещение"], "q10": [67]}