{"q0": "036c282b-3cd3-4e62-977b-51d4704446d7", "q1": "кладовщик", "q2": "Да", "q2d": 20, "q3": {"кладовщик/заведующий складом": 84, "заведуюший складом - кладовщик": 10, "кладовщик, старший кладовщик": 29, "сотрудник склада": 15}, "q4": ["проведение"], "q5": ["ооо \"альтернатива\"", "ооо \"компания \"гарант\"", "ооо \"петро-сервис\"", "ooo \"грани-т\"", "зао \"ультра стар\"", "зао \"алсель спб\""], "q6": [], "q7": [], "q8": ["организация"], "q9": ["проведение инвентаризацийприем и отпуск товаров по накладным, оформление сопроводительных документов, проведение инвентаризаций"], "q10": [0]}