{"q0": "036d5b8f-8dbd-4d18-9b11-0c566b685e5b", "q1": "кладовщик", "q2": "Не совсем", "q2d": 0, "q3": {"руководитель отдела складской логистики и документооборота": 13}, "q4": ["получение"], "q5": ["ооо \"стройкомплектация\""], "q6": [], "q7": [], "q8": ["ввод данных в программу 1с"], "q9": ["ввод данных в программу 1с; ввод накладных в базу данных"], "q10": [42]}