{"q0": "03704d0d-8f8c-43d3-b170-ad6a78fa08a4", "q1": "кладовщик", "q2": "Не совсем", "q2d": 0, "q3": {"комплектовщик": 10}, "q4": ["товаром."], "q5": ["торговый дом \"эра\""], "q6": [], "q7": [], "q8": ["сначала был подборщиком товара, перевелся на комплектовщика, последнее 4месяца был водителем электропогрущика"], "q9": ["сначала"], "q10": [108]}