{"q0": "0377da74-f760-40a7-8f42-a8c1341aa527", "q1": "кладовщик", "q2": "Не совсем", "q2d": 0, "q3": {"кладовщик-комплектовщик": 55}, "q4": ["комплектация заказов по голосовому терминалу по ячейкам, размещение по адресам"], "q5": ["ооо агроторг"], "q6": ["ячейкам"], "q7": [], "q8": ["заказов по голосовому терминалу по ячейкам, размещение по адресам"], "q9": ["комплектация заказов по голосовому терминалу по ячейкам, размещение по адресам"], "q10": [0]}