{"q0": "037a2279-861d-4f27-b4cc-22d363551346", "q1": "кладовщик", "q2": "Да", "q2d": 9, "q3": {"кладовщик склада мясо  сырья": 34, "кладовщик производственного скада": 21, "начальник склада‚ кладовщик": 5}, "q4": ["прием мясо"], "q5": ["гурман (ооо \" мясные деликатесы \")", "ооо \" мясные деликатесы \"", "ооо \" мясные деликатесы \"", "ооо \"петровендингцентр\"", "милена, ооо"], "q6": [], "q7": [], "q8": ["прием"], "q9": ["прием"], "q10": [69]}