{"q0": "037efa73-f6db-4907-9e9e-5d6acddc8ac4", "q1": "кладовщик", "q2": "Не совсем", "q2d": 0, "q3": {"грузчик-комплектовщик": 87}, "q4": ["продукции."], "q5": ["ооо нпк палитра"], "q6": [], "q7": [], "q8": ["сборка и комплектовка товара по наклодным  упаковка и загрузка готовой продукции"], "q9": ["сборка и комплектовка товара по наклодным  упаковка и загрузка готовой продукции"], "q10": [0]}