{"q0": "037f800f-df25-4cda-bd03-cb455b3522de", "q1": "кладовщик", "q2": "Не совсем", "q2d": 0, "q3": {"грузчик-кладовщик": 26}, "q4": ["разгрузка-отгрузка товара, консультация клиентов, принятие поставки по накладной, также раздача рекламной продукции."], "q5": ["ооо \"домовёнок\""], "q6": [], "q7": [], "q8": ["разгрузка-отгрузка товара, консультация клиентов, принятие поставки по накладной, также раздача рекламной продукции"], "q9": ["разгрузка-отгрузка товара, консультация клиентов, принятие поставки по накладной, также раздача рекламной продукции"], "q10": [50]}