{"q0": "038a6745-2179-4550-883b-c2d7b53e5f04", "q1": "кладовщик", "q2": "Не совсем", "q2d": 0, "q3": {"комплектовщик": 23}, "q4": ["переговоров"], "q5": ["ооо \"тепловое оборудование\""], "q6": ["пересортиц"], "q7": [], "q8": ["получение со склада необходимых материалов на все производственные участки для их бесперебойной работы"], "q9": ["-своевременное"], "q10": [55]}