{"q0": "038b63e3-6294-4835-9a26-322303370bcb", "q1": "кладовщик", "q2": "Да", "q2d": 71, "q3": {}, "q4": ["пересорты"], "q5": ["concept club, сеть магазинов молодежной одежды"], "q6": ["подсорт"], "q7": [], "q8": ["прием товара,отпаривание,переоценка,подсорт,пересорты"], "q9": ["прием товара,отпаривание,переоценка,подсорт,пересорты"], "q10": [0]}