{"q0": "038ede72-2bbe-4d08-bad9-e47b59719867", "q1": "кладовщик", "q2": "Не совсем", "q2d": 0, "q3": {"бригадир, комплектовщик": 60}, "q4": ["прием"], "q5": ["нева, кондитерская фабрика"], "q6": [], "q7": [], "q8": ["прием товара на склад,сборка сырья по накладным,распределение людей по рабочим местам"], "q9": ["прием товара на склад,сборка сырья по накладным,распределение людей по рабочим местам"], "q10": [110]}