{"q0": "03920c0a-9d08-4ba0-b7df-0b755d951ea3", "q1": "кладовщик", "q2": "Да", "q2d": 2, "q3": {"комплектовщик изделий на склад": 26}, "q4": ["погрузчике"], "q5": ["ооо свхаус", "ооо юпитер"], "q6": [], "q7": [], "q8": ["сбор"], "q9": ["комплектовка заказов\n - работа на вилочном погрузчике- сбор и комплектовка заказов\n - работа на вилочном погрузчике"], "q10": [60]}