{"q0": "03956e60-6ff2-4066-856f-1b34643cef80", "q1": "кладовщик", "q2": "Не совсем", "q2d": 0, "q3": {"работник склада": 11}, "q4": ["погрузка, выгрузка товара перемещение товара по складу сборка товара по накладным"], "q5": ["оптовая база \" спектр обоев \"."], "q6": [], "q7": [], "q8": ["погрузка, выгрузка товара"], "q9": ["погрузка, выгрузка товара. перемещение товара по складу. сборка товара по накладным"], "q10": [30]}