{"q0": "0398a871-39a0-4769-ab72-7501c25c5720", "q1": "кладовщик", "q2": "Да", "q2d": 12, "q3": {}, "q4": ["товарно-сопроводительных и иных документов."], "q5": ["ооо \"фаст мотор спб\""], "q6": ["сортировки"], "q7": [], "q8": ["осуществление приема, отпуска, хранения и сортировки, перемещения, переработки товарно-материальных и иных ценностей"], "q9": ["организация"], "q10": [142]}