{"q0": "03997221-e641-41b2-97d6-2a7a3d697f98", "q1": "кладовщик", "q2": "Не совсем", "q2d": 0, "q3": {"координатор группы учета складских операций": 109, "специалист по складским операциям": 2}, "q4": ["logistic"], "q5": ["ооо \"гигиена-север\"", "ооо \"русский стандарт водка\" (зао \"руст инк.\" )", "ооо \"портер-логистика\""], "q6": ["адресное"], "q7": ["sap"], "q8": ["ооо \"гигиена-север"], "q9": ["работа в глобальной системе sap"], "q10": [0]}