{"q0": "039d329d-f47c-463a-a290-c0e3b2515537", "q1": "кладовщик", "q2": "Не совсем", "q2d": 0, "q3": {"заведующий центральным складом в г.пскове": 40}, "q4": ["увеличение товарооборота.\n -прием и отпуск топлива на терминале хранения."], "q5": ["ооо \"статойл\""], "q6": [], "q7": [], "q8": ["контроль: поступающей продукции, условий хранения,            \n   сроков годности, отпуска продукции"], "q9": ["-прием и отпуск топлива на терминале хранения"], "q10": [96]}