{"q0": "03a71603-eb6c-491c-834b-e3a3cb455a5e", "q1": "кладовщик", "q2": "Не совсем", "q2d": 0, "q3": {"кладовщик-комплектовщик": 81}, "q4": ["выполнение иных функций и задач, в зависимости от конкретной ситуации."], "q5": ["крафт, ооо"], "q6": ["ассортименту"], "q7": [], "q8": ["выполняю большинство"], "q9": ["выполнение иных функций и задач, в зависимости от конкретной ситуации"], "q10": [0]}